sku,official_name,category,hsn,term_type,term_text,language,script,conflict_risk,safety_bucket,safety_reason
OAS-AS-BKL-0001,Cashew Kitta,Baklawa,21069099,official_alias,Kaju Kitta,,,MEDIUM,SAFE_TO_DRAFT,sufficient SKU context
OAS-AS-BKL-0001,Cashew Kitta,Baklawa,21069099,official_alias,Cashew Nut Kitta,,,LOW,SAFE_TO_DRAFT,sufficient SKU context
OAS-AS-BKL-0001,Cashew Kitta,Baklawa,21069099,official_alias,Cashew Baklawa Piece,,,MEDIUM,SAFE_TO_DRAFT,sufficient SKU context
OAS-AS-BKL-0001,Cashew Kitta,Baklawa,21069099,official_alias,Cashew Piece Baklawa,,,MEDIUM,SAFE_TO_DRAFT,sufficient SKU context
OAS-AS-BKL-0001,Cashew Kitta,Baklawa,21069099,official_alias,Cashew Kitta Baklawa,,,LOW,SAFE_TO_DRAFT,sufficient SKU context
OAS-AS-BKL-0001,Cashew Kitta,Baklawa,21069099,official_alias,Cashew Kitta Baklava,,,LOW,SAFE_TO_DRAFT,sufficient SKU context
OAS-AS-BKL-0001,Cashew Kitta,Baklawa,21069099,official_alias,Cashew Kitta Lebanese Baklava,,,LOW,SAFE_TO_DRAFT,sufficient SKU context
OAS-AS-BKL-0001,Cashew Kitta,Baklawa,21069099,official_alias,Cashew Diamond,,,MEDIUM,SAFE_TO_DRAFT,sufficient SKU context
OAS-AS-BKL-0001,Cashew Kitta,Baklawa,21069099,customer_term,cashew piece,,,MEDIUM,SAFE_TO_DRAFT,sufficient SKU context
OAS-AS-BKL-0001,Cashew Kitta,Baklawa,21069099,customer_term,kaju piece,,,MEDIUM,SAFE_TO_DRAFT,sufficient SKU context
OAS-AS-BKL-0001,Cashew Kitta,Baklawa,21069099,customer_term,cashew kitta piece,,,LOW,SAFE_TO_DRAFT,sufficient SKU context
OAS-AS-BKL-0001,Cashew Kitta,Baklawa,21069099,customer_term,Cashew Kitta,,,LOW,SAFE_TO_DRAFT,sufficient SKU context
OAS-AS-BKL-0001,Cashew Kitta,Baklawa,21069099,customer_term,Kaju Kitta,,,MEDIUM,SAFE_TO_DRAFT,sufficient SKU context
OAS-AS-BKL-0001,Cashew Kitta,Baklawa,21069099,whatsapp_keyword,cashew kitta,,,LOW,SAFE_TO_DRAFT,sufficient SKU context
OAS-AS-BKL-0001,Cashew Kitta,Baklawa,21069099,whatsapp_keyword,kaju kitta,,,MEDIUM,SAFE_TO_DRAFT,sufficient SKU context
OAS-AS-BKL-0001,Cashew Kitta,Baklawa,21069099,whatsapp_keyword,cashew nut kitta,,,LOW,SAFE_TO_DRAFT,sufficient SKU context
OAS-AS-BKL-0001,Cashew Kitta,Baklawa,21069099,whatsapp_keyword,cashew baklawa piece,,,MEDIUM,SAFE_TO_DRAFT,sufficient SKU context
OAS-AS-BKL-0001,Cashew Kitta,Baklawa,21069099,whatsapp_keyword,cashew piece baklawa,,,MEDIUM,SAFE_TO_DRAFT,sufficient SKU context
OAS-AS-BKL-0001,Cashew Kitta,Baklawa,21069099,whatsapp_keyword,cashew kitta baklawa,,,LOW,SAFE_TO_DRAFT,sufficient SKU context
OAS-AS-BKL-0001,Cashew Kitta,Baklawa,21069099,whatsapp_keyword,cashew kitta baklava,,,LOW,SAFE_TO_DRAFT,sufficient SKU context
OAS-AS-BKL-0001,Cashew Kitta,Baklawa,21069099,whatsapp_keyword,cashew kitta lebanese baklava,,,LOW,SAFE_TO_DRAFT,sufficient SKU context
OAS-AS-BKL-0001,Cashew Kitta,Baklawa,21069099,whatsapp_keyword,need cashew kitta,,,LOW,SAFE_TO_DRAFT,sufficient SKU context
OAS-AS-BKL-0001,Cashew Kitta,Baklawa,21069099,whatsapp_keyword,send cashew kitta,,,LOW,SAFE_TO_DRAFT,sufficient SKU context
OAS-AS-BKL-0001,Cashew Kitta,Baklawa,21069099,whatsapp_keyword,cashew kitta kg,,,LOW,SAFE_TO_DRAFT,sufficient SKU context
OAS-AS-BKL-0001,Cashew Kitta,Baklawa,21069099,search_keyword,diamond baklawa,,,LOW,SAFE_TO_DRAFT,sufficient SKU context
OAS-AS-BKL-0002,Square Baklawa,Baklawa,21069099,official_alias,Square Baklava,,,MEDIUM,SAFE_TO_DRAFT,sufficient SKU context
OAS-AS-BKL-0002,Square Baklawa,Baklawa,21069099,official_alias,Square Baklawa Lebanese Baklava,,,LOW,SAFE_TO_DRAFT,sufficient SKU context
OAS-AS-BKL-0002,Square Baklawa,Baklawa,21069099,customer_term,square piece,,,MEDIUM,SAFE_TO_DRAFT,sufficient SKU context
OAS-AS-BKL-0002,Square Baklawa,Baklawa,21069099,customer_term,square sweet,,,MEDIUM,SAFE_TO_DRAFT,sufficient SKU context
OAS-AS-BKL-0002,Square Baklawa,Baklawa,21069099,customer_term,Square Baklawa,,,LOW,SAFE_TO_DRAFT,sufficient SKU context
OAS-AS-BKL-0002,Square Baklawa,Baklawa,21069099,whatsapp_keyword,square baklawa,,,LOW,SAFE_TO_DRAFT,sufficient SKU context
OAS-AS-BKL-0002,Square Baklawa,Baklawa,21069099,whatsapp_keyword,square baklava,,,MEDIUM,SAFE_TO_DRAFT,sufficient SKU context
OAS-AS-BKL-0002,Square Baklawa,Baklawa,21069099,whatsapp_keyword,square baklawa lebanese baklava,,,LOW,SAFE_TO_DRAFT,sufficient SKU context
OAS-AS-BKL-0002,Square Baklawa,Baklawa,21069099,whatsapp_keyword,need square baklawa,,,LOW,SAFE_TO_DRAFT,sufficient SKU context
OAS-AS-BKL-0002,Square Baklawa,Baklawa,21069099,whatsapp_keyword,send square baklawa,,,LOW,SAFE_TO_DRAFT,sufficient SKU context
OAS-AS-BKL-0002,Square Baklawa,Baklawa,21069099,whatsapp_keyword,square baklawa kg,,,LOW,SAFE_TO_DRAFT,sufficient SKU context
OAS-AS-BKL-0002,Square Baklawa,Baklawa,21069099,search_keyword,square baklawa,,,LOW,SAFE_TO_DRAFT,sufficient SKU context
OAS-AS-BKL-0003,Cashew Ring,Baklawa,21069099,official_alias,Kaju Ring,,,MEDIUM,SAFE_TO_DRAFT,sufficient SKU context
OAS-AS-BKL-0003,Cashew Ring,Baklawa,21069099,official_alias,Cashew Nut Ring,,,LOW,SAFE_TO_DRAFT,sufficient SKU context
OAS-AS-BKL-0003,Cashew Ring,Baklawa,21069099,official_alias,Cashew Ring Baklawa,,,LOW,SAFE_TO_DRAFT,sufficient SKU context
OAS-AS-BKL-0003,Cashew Ring,Baklawa,21069099,official_alias,Cashew Ring Baklava,,,LOW,SAFE_TO_DRAFT,sufficient SKU context
OAS-AS-BKL-0003,Cashew Ring,Baklawa,21069099,official_alias,Cashew Ring Lebanese Baklava,,,LOW,SAFE_TO_DRAFT,sufficient SKU context
OAS-AS-BKL-0003,Cashew Ring,Baklawa,21069099,customer_term,kaju ring,,,MEDIUM,SAFE_TO_DRAFT,sufficient SKU context
OAS-AS-BKL-0003,Cashew Ring,Baklawa,21069099,customer_term,kaju ring sweet,,,MEDIUM,SAFE_TO_DRAFT,sufficient SKU context
OAS-AS-BKL-0003,Cashew Ring,Baklawa,21069099,customer_term,Cashew Ring,,,LOW,SAFE_TO_DRAFT,sufficient SKU context
OAS-AS-BKL-0003,Cashew Ring,Baklawa,21069099,customer_term,Kaju Ring,,,MEDIUM,SAFE_TO_DRAFT,sufficient SKU context
OAS-AS-BKL-0003,Cashew Ring,Baklawa,21069099,whatsapp_keyword,cashew ring,,,LOW,SAFE_TO_DRAFT,sufficient SKU context
OAS-AS-BKL-0003,Cashew Ring,Baklawa,21069099,whatsapp_keyword,kaju ring,,,MEDIUM,SAFE_TO_DRAFT,sufficient SKU context
OAS-AS-BKL-0003,Cashew Ring,Baklawa,21069099,whatsapp_keyword,cashew nut ring,,,LOW,SAFE_TO_DRAFT,sufficient SKU context
OAS-AS-BKL-0003,Cashew Ring,Baklawa,21069099,whatsapp_keyword,cashew ring baklawa,,,LOW,SAFE_TO_DRAFT,sufficient SKU context
OAS-AS-BKL-0003,Cashew Ring,Baklawa,21069099,whatsapp_keyword,cashew ring baklava,,,LOW,SAFE_TO_DRAFT,sufficient SKU context
OAS-AS-BKL-0003,Cashew Ring,Baklawa,21069099,whatsapp_keyword,cashew ring lebanese baklava,,,LOW,SAFE_TO_DRAFT,sufficient SKU context
OAS-AS-BKL-0003,Cashew Ring,Baklawa,21069099,whatsapp_keyword,need cashew ring,,,LOW,SAFE_TO_DRAFT,sufficient SKU context
OAS-AS-BKL-0003,Cashew Ring,Baklawa,21069099,whatsapp_keyword,send cashew ring,,,LOW,SAFE_TO_DRAFT,sufficient SKU context
OAS-AS-BKL-0003,Cashew Ring,Baklawa,21069099,whatsapp_keyword,cashew ring kg,,,LOW,SAFE_TO_DRAFT,sufficient SKU context
OAS-AS-BKL-0003,Cashew Ring,Baklawa,21069099,search_keyword,ring baklawa,,,MEDIUM,SAFE_TO_DRAFT,sufficient SKU context
OAS-AS-BKL-0004,Cashew Rosebud,Baklawa,21069099,official_alias,Kaju Rosebud,,,MEDIUM,SAFE_TO_DRAFT,sufficient SKU context
OAS-AS-BKL-0004,Cashew Rosebud,Baklawa,21069099,official_alias,Cashew Nut Rosebud,,,LOW,SAFE_TO_DRAFT,sufficient SKU context
OAS-AS-BKL-0004,Cashew Rosebud,Baklawa,21069099,official_alias,Cashew Rosebud Baklawa,,,LOW,SAFE_TO_DRAFT,sufficient SKU context
OAS-AS-BKL-0004,Cashew Rosebud,Baklawa,21069099,official_alias,Cashew Rose Bud Baklava,,,MEDIUM,SAFE_TO_DRAFT,sufficient SKU context
OAS-AS-BKL-0004,Cashew Rosebud,Baklawa,21069099,official_alias,Cashew Rosebud Baklava,,,LOW,SAFE_TO_DRAFT,sufficient SKU context
OAS-AS-BKL-0004,Cashew Rosebud,Baklawa,21069099,official_alias,Cashew Rosebud Lebanese Baklava,,,LOW,SAFE_TO_DRAFT,sufficient SKU context
OAS-AS-BKL-0004,Cashew Rosebud,Baklawa,21069099,customer_term,rose sweet,,,LOW,SAFE_TO_DRAFT,sufficient SKU context
OAS-AS-BKL-0004,Cashew Rosebud,Baklawa,21069099,customer_term,kaju rose,,,MEDIUM,SAFE_TO_DRAFT,sufficient SKU context
OAS-AS-BKL-0004,Cashew Rosebud,Baklawa,21069099,customer_term,Cashew Rosebud,,,LOW,SAFE_TO_DRAFT,sufficient SKU context
OAS-AS-BKL-0004,Cashew Rosebud,Baklawa,21069099,customer_term,Kaju Rosebud,,,MEDIUM,SAFE_TO_DRAFT,sufficient SKU context
OAS-AS-BKL-0004,Cashew Rosebud,Baklawa,21069099,whatsapp_keyword,cashew rosebud,,,LOW,SAFE_TO_DRAFT,sufficient SKU context
OAS-AS-BKL-0004,Cashew Rosebud,Baklawa,21069099,whatsapp_keyword,kaju rosebud,,,MEDIUM,SAFE_TO_DRAFT,sufficient SKU context
OAS-AS-BKL-0004,Cashew Rosebud,Baklawa,21069099,whatsapp_keyword,cashew nut rosebud,,,LOW,SAFE_TO_DRAFT,sufficient SKU context
OAS-AS-BKL-0004,Cashew Rosebud,Baklawa,21069099,whatsapp_keyword,cashew rosebud baklawa,,,LOW,SAFE_TO_DRAFT,sufficient SKU context
OAS-AS-BKL-0004,Cashew Rosebud,Baklawa,21069099,whatsapp_keyword,cashew rose bud baklava,,,MEDIUM,SAFE_TO_DRAFT,sufficient SKU context
OAS-AS-BKL-0004,Cashew Rosebud,Baklawa,21069099,whatsapp_keyword,cashew rosebud baklava,,,LOW,SAFE_TO_DRAFT,sufficient SKU context
OAS-AS-BKL-0004,Cashew Rosebud,Baklawa,21069099,whatsapp_keyword,cashew rosebud lebanese baklava,,,LOW,SAFE_TO_DRAFT,sufficient SKU context
OAS-AS-BKL-0004,Cashew Rosebud,Baklawa,21069099,whatsapp_keyword,need cashew rosebud,,,LOW,SAFE_TO_DRAFT,sufficient SKU context
OAS-AS-BKL-0004,Cashew Rosebud,Baklawa,21069099,whatsapp_keyword,send cashew rosebud,,,LOW,SAFE_TO_DRAFT,sufficient SKU context
OAS-AS-BKL-0004,Cashew Rosebud,Baklawa,21069099,whatsapp_keyword,cashew rosebud kg,,,LOW,SAFE_TO_DRAFT,sufficient SKU context
OAS-AS-BKL-0005,Almond Crosole,Baklawa,21069099,official_alias,Badam Crosole,,,LOW,SAFE_TO_DRAFT,sufficient SKU context
OAS-AS-BKL-0005,Almond Crosole,Baklawa,21069099,official_alias,Almond Croissant Baklawa,,,LOW,SAFE_TO_DRAFT,sufficient SKU context
OAS-AS-BKL-0005,Almond Crosole,Baklawa,21069099,official_alias,Almond Croissant Shape Baklava,,,LOW,SAFE_TO_DRAFT,sufficient SKU context
OAS-AS-BKL-0005,Almond Crosole,Baklawa,21069099,official_alias,Almond Crosole Baklava,,,LOW,SAFE_TO_DRAFT,sufficient SKU context
OAS-AS-BKL-0005,Almond Crosole,Baklawa,21069099,official_alias,Almond Crosole Baklawa,,,LOW,SAFE_TO_DRAFT,sufficient SKU context
OAS-AS-BKL-0005,Almond Crosole,Baklawa,21069099,official_alias,Almond Crosole Lebanese Baklava,,,LOW,SAFE_TO_DRAFT,sufficient SKU context
OAS-AS-BKL-0005,Almond Crosole,Baklawa,21069099,customer_term,almond croissant,,,LOW,SAFE_TO_DRAFT,sufficient SKU context
OAS-AS-BKL-0005,Almond Crosole,Baklawa,21069099,customer_term,Almond Crosole,,,LOW,SAFE_TO_DRAFT,sufficient SKU context
OAS-AS-BKL-0005,Almond Crosole,Baklawa,21069099,customer_term,Badam Crosole,,,LOW,SAFE_TO_DRAFT,sufficient SKU context
OAS-AS-BKL-0005,Almond Crosole,Baklawa,21069099,whatsapp_keyword,almond crosole,,,LOW,SAFE_TO_DRAFT,sufficient SKU context
OAS-AS-BKL-0005,Almond Crosole,Baklawa,21069099,whatsapp_keyword,badam crosole,,,LOW,SAFE_TO_DRAFT,sufficient SKU context
OAS-AS-BKL-0005,Almond Crosole,Baklawa,21069099,whatsapp_keyword,almond croissant baklawa,,,LOW,SAFE_TO_DRAFT,sufficient SKU context
OAS-AS-BKL-0005,Almond Crosole,Baklawa,21069099,whatsapp_keyword,almond croissant shape baklava,,,LOW,SAFE_TO_DRAFT,sufficient SKU context
OAS-AS-BKL-0005,Almond Crosole,Baklawa,21069099,whatsapp_keyword,almond crosole baklava,,,LOW,SAFE_TO_DRAFT,sufficient SKU context
OAS-AS-BKL-0005,Almond Crosole,Baklawa,21069099,whatsapp_keyword,almond crosole baklawa,,,LOW,SAFE_TO_DRAFT,sufficient SKU context
OAS-AS-BKL-0005,Almond Crosole,Baklawa,21069099,whatsapp_keyword,almond crosole lebanese baklava,,,LOW,SAFE_TO_DRAFT,sufficient SKU context
OAS-AS-BKL-0005,Almond Crosole,Baklawa,21069099,whatsapp_keyword,need almond crosole,,,LOW,SAFE_TO_DRAFT,sufficient SKU context
OAS-AS-BKL-0005,Almond Crosole,Baklawa,21069099,whatsapp_keyword,send almond crosole,,,LOW,SAFE_TO_DRAFT,sufficient SKU context
OAS-AS-BKL-0005,Almond Crosole,Baklawa,21069099,whatsapp_keyword,almond crosole kg,,,LOW,SAFE_TO_DRAFT,sufficient SKU context
OAS-AS-BKL-0006,Cashew Pyramid,Baklawa,21069099,official_alias,Kaju Pyramid,,,MEDIUM,SAFE_TO_DRAFT,sufficient SKU context
OAS-AS-BKL-0006,Cashew Pyramid,Baklawa,21069099,official_alias,Cashew Nut Pyramid,,,LOW,SAFE_TO_DRAFT,sufficient SKU context
OAS-AS-BKL-0006,Cashew Pyramid,Baklawa,21069099,official_alias,Cashew Boukaj,,,MEDIUM,SAFE_TO_DRAFT,sufficient SKU context
OAS-AS-BKL-0006,Cashew Pyramid,Baklawa,21069099,official_alias,Cashew Pyramid Baklawa,,,LOW,SAFE_TO_DRAFT,sufficient SKU context
OAS-AS-BKL-0006,Cashew Pyramid,Baklawa,21069099,official_alias,Cashew Pyramid Baklava,,,LOW,SAFE_TO_DRAFT,sufficient SKU context
OAS-AS-BKL-0006,Cashew Pyramid,Baklawa,21069099,official_alias,Cashew Pyramid Lebanese Baklava,,,LOW,SAFE_TO_DRAFT,sufficient SKU context
OAS-AS-BKL-0006,Cashew Pyramid,Baklawa,21069099,customer_term,kaju pyramid,,,MEDIUM,SAFE_TO_DRAFT,sufficient SKU context
OAS-AS-BKL-0006,Cashew Pyramid,Baklawa,21069099,customer_term,Cashew Pyramid,,,LOW,SAFE_TO_DRAFT,sufficient SKU context
OAS-AS-BKL-0006,Cashew Pyramid,Baklawa,21069099,customer_term,Kaju Pyramid,,,MEDIUM,SAFE_TO_DRAFT,sufficient SKU context
OAS-AS-BKL-0006,Cashew Pyramid,Baklawa,21069099,whatsapp_keyword,cashew pyramid,,,LOW,SAFE_TO_DRAFT,sufficient SKU context
OAS-AS-BKL-0006,Cashew Pyramid,Baklawa,21069099,whatsapp_keyword,kaju pyramid,,,MEDIUM,SAFE_TO_DRAFT,sufficient SKU context
OAS-AS-BKL-0006,Cashew Pyramid,Baklawa,21069099,whatsapp_keyword,cashew nut pyramid,,,LOW,SAFE_TO_DRAFT,sufficient SKU context
OAS-AS-BKL-0006,Cashew Pyramid,Baklawa,21069099,whatsapp_keyword,cashew boukaj,,,MEDIUM,SAFE_TO_DRAFT,sufficient SKU context
OAS-AS-BKL-0006,Cashew Pyramid,Baklawa,21069099,whatsapp_keyword,cashew pyramid baklawa,,,LOW,SAFE_TO_DRAFT,sufficient SKU context
OAS-AS-BKL-0006,Cashew Pyramid,Baklawa,21069099,whatsapp_keyword,cashew pyramid baklava,,,LOW,SAFE_TO_DRAFT,sufficient SKU context
OAS-AS-BKL-0006,Cashew Pyramid,Baklawa,21069099,whatsapp_keyword,cashew pyramid lebanese baklava,,,LOW,SAFE_TO_DRAFT,sufficient SKU context
OAS-AS-BKL-0006,Cashew Pyramid,Baklawa,21069099,whatsapp_keyword,need cashew pyramid,,,LOW,SAFE_TO_DRAFT,sufficient SKU context
OAS-AS-BKL-0006,Cashew Pyramid,Baklawa,21069099,whatsapp_keyword,send cashew pyramid,,,LOW,SAFE_TO_DRAFT,sufficient SKU context
OAS-AS-BKL-0006,Cashew Pyramid,Baklawa,21069099,whatsapp_keyword,cashew pyramid kg,,,LOW,SAFE_TO_DRAFT,sufficient SKU context
OAS-AS-BKL-0007,Cashew Finger,Baklawa,21069099,official_alias,Kaju Finger,,,MEDIUM,SAFE_TO_DRAFT,sufficient SKU context
OAS-AS-BKL-0007,Cashew Finger,Baklawa,21069099,official_alias,Cashew Nut Finger,,,LOW,SAFE_TO_DRAFT,sufficient SKU context
OAS-AS-BKL-0007,Cashew Finger,Baklawa,21069099,official_alias,Cashew Asabi,,,MEDIUM,SAFE_TO_DRAFT,sufficient SKU context
OAS-AS-BKL-0007,Cashew Finger,Baklawa,21069099,official_alias,Cashew Asabeh,,,MEDIUM,SAFE_TO_DRAFT,sufficient SKU context
OAS-AS-BKL-0007,Cashew Finger,Baklawa,21069099,official_alias,Cashew Finger Baklawa,,,LOW,SAFE_TO_DRAFT,sufficient SKU context
OAS-AS-BKL-0007,Cashew Finger,Baklawa,21069099,official_alias,Cashew Finger Baklava,,,LOW,SAFE_TO_DRAFT,sufficient SKU context
OAS-AS-BKL-0007,Cashew Finger,Baklawa,21069099,official_alias,Cashew Finger Lebanese Baklava,,,LOW,SAFE_TO_DRAFT,sufficient SKU context
OAS-AS-BKL-0007,Cashew Finger,Baklawa,21069099,customer_term,finger sweet,,,LOW,SAFE_TO_DRAFT,sufficient SKU context
OAS-AS-BKL-0007,Cashew Finger,Baklawa,21069099,customer_term,cashew finger piece,,,LOW,SAFE_TO_DRAFT,sufficient SKU context
OAS-AS-BKL-0007,Cashew Finger,Baklawa,21069099,customer_term,Cashew Finger,,,LOW,SAFE_TO_DRAFT,sufficient SKU context
OAS-AS-BKL-0007,Cashew Finger,Baklawa,21069099,customer_term,Kaju Finger,,,MEDIUM,SAFE_TO_DRAFT,sufficient SKU context
OAS-AS-BKL-0007,Cashew Finger,Baklawa,21069099,whatsapp_keyword,cashew finger,,,LOW,SAFE_TO_DRAFT,sufficient SKU context
OAS-AS-BKL-0007,Cashew Finger,Baklawa,21069099,whatsapp_keyword,kaju finger,,,MEDIUM,SAFE_TO_DRAFT,sufficient SKU context
OAS-AS-BKL-0007,Cashew Finger,Baklawa,21069099,whatsapp_keyword,cashew nut finger,,,LOW,SAFE_TO_DRAFT,sufficient SKU context
OAS-AS-BKL-0007,Cashew Finger,Baklawa,21069099,whatsapp_keyword,cashew asabi,,,MEDIUM,SAFE_TO_DRAFT,sufficient SKU context
OAS-AS-BKL-0007,Cashew Finger,Baklawa,21069099,whatsapp_keyword,cashew asabeh,,,MEDIUM,SAFE_TO_DRAFT,sufficient SKU context
OAS-AS-BKL-0007,Cashew Finger,Baklawa,21069099,whatsapp_keyword,cashew finger baklawa,,,LOW,SAFE_TO_DRAFT,sufficient SKU context
OAS-AS-BKL-0007,Cashew Finger,Baklawa,21069099,whatsapp_keyword,cashew finger baklava,,,LOW,SAFE_TO_DRAFT,sufficient SKU context
OAS-AS-BKL-0007,Cashew Finger,Baklawa,21069099,whatsapp_keyword,cashew finger lebanese baklava,,,LOW,SAFE_TO_DRAFT,sufficient SKU context
OAS-AS-BKL-0007,Cashew Finger,Baklawa,21069099,whatsapp_keyword,need cashew finger,,,LOW,SAFE_TO_DRAFT,sufficient SKU context
OAS-AS-BKL-0007,Cashew Finger,Baklawa,21069099,whatsapp_keyword,send cashew finger,,,LOW,SAFE_TO_DRAFT,sufficient SKU context
OAS-AS-BKL-0007,Cashew Finger,Baklawa,21069099,whatsapp_keyword,cashew finger kg,,,LOW,SAFE_TO_DRAFT,sufficient SKU context
OAS-AS-BKL-0008,Date Baklawa,Baklawa,21069099,official_alias,Khajoor Baklawa,,,LOW,SAFE_TO_DRAFT,sufficient SKU context
OAS-AS-BKL-0008,Date Baklawa,Baklawa,21069099,official_alias,Khajur Baklawa,,,LOW,SAFE_TO_DRAFT,sufficient SKU context
OAS-AS-BKL-0008,Date Baklawa,Baklawa,21069099,official_alias,Date Baklava,,,LOW,SAFE_TO_DRAFT,sufficient SKU context
OAS-AS-BKL-0008,Date Baklawa,Baklawa,21069099,official_alias,Date Baklawa Lebanese Baklava,,,LOW,SAFE_TO_DRAFT,sufficient SKU context
OAS-AS-BKL-0008,Date Baklawa,Baklawa,21069099,customer_term,date sweet,,,LOW,SAFE_TO_DRAFT,sufficient SKU context
OAS-AS-BKL-0008,Date Baklawa,Baklawa,21069099,customer_term,khajoor baklava,,,LOW,SAFE_TO_DRAFT,sufficient SKU context
OAS-AS-BKL-0008,Date Baklawa,Baklawa,21069099,customer_term,Date Baklawa,,,LOW,SAFE_TO_DRAFT,sufficient SKU context
OAS-AS-BKL-0008,Date Baklawa,Baklawa,21069099,customer_term,Khajoor Baklawa,,,LOW,SAFE_TO_DRAFT,sufficient SKU context
OAS-AS-BKL-0008,Date Baklawa,Baklawa,21069099,whatsapp_keyword,date baklawa,,,LOW,SAFE_TO_DRAFT,sufficient SKU context
OAS-AS-BKL-0008,Date Baklawa,Baklawa,21069099,whatsapp_keyword,khajoor baklawa,,,LOW,SAFE_TO_DRAFT,sufficient SKU context
OAS-AS-BKL-0008,Date Baklawa,Baklawa,21069099,whatsapp_keyword,khajur baklawa,,,LOW,SAFE_TO_DRAFT,sufficient SKU context
OAS-AS-BKL-0008,Date Baklawa,Baklawa,21069099,whatsapp_keyword,date baklava,,,LOW,SAFE_TO_DRAFT,sufficient SKU context
OAS-AS-BKL-0008,Date Baklawa,Baklawa,21069099,whatsapp_keyword,date baklawa lebanese baklava,,,LOW,SAFE_TO_DRAFT,sufficient SKU context
OAS-AS-BKL-0008,Date Baklawa,Baklawa,21069099,whatsapp_keyword,need date baklawa,,,LOW,SAFE_TO_DRAFT,sufficient SKU context
OAS-AS-BKL-0008,Date Baklawa,Baklawa,21069099,whatsapp_keyword,send date baklawa,,,LOW,SAFE_TO_DRAFT,sufficient SKU context
OAS-AS-BKL-0008,Date Baklawa,Baklawa,21069099,whatsapp_keyword,date baklawa kg,,,LOW,SAFE_TO_DRAFT,sufficient SKU context
OAS-AS-BKL-0008,Date Baklawa,Baklawa,21069099,search_keyword,date baklawa,,,LOW,SAFE_TO_DRAFT,sufficient SKU context
OAS-AS-BKL-0009,Special Square Baklawa,Baklawa,21069099,official_alias,Special Square Baklava,,,LOW,SAFE_TO_DRAFT,sufficient SKU context
OAS-AS-BKL-0009,Special Square Baklawa,Baklawa,21069099,official_alias,Special Square Baklawa Lebanese Baklava,,,LOW,SAFE_TO_DRAFT,sufficient SKU context
OAS-AS-BKL-0009,Special Square Baklawa,Baklawa,21069099,customer_term,square piece,,,MEDIUM,SAFE_TO_DRAFT,sufficient SKU context
OAS-AS-BKL-0009,Special Square Baklawa,Baklawa,21069099,customer_term,square sweet,,,MEDIUM,SAFE_TO_DRAFT,sufficient SKU context
OAS-AS-BKL-0009,Special Square Baklawa,Baklawa,21069099,customer_term,special square piece,,,LOW,SAFE_TO_DRAFT,sufficient SKU context
OAS-AS-BKL-0009,Special Square Baklawa,Baklawa,21069099,customer_term,Special Square Baklawa,,,LOW,SAFE_TO_DRAFT,sufficient SKU context
OAS-AS-BKL-0009,Special Square Baklawa,Baklawa,21069099,whatsapp_keyword,special square baklawa,,,LOW,SAFE_TO_DRAFT,sufficient SKU context
OAS-AS-BKL-0009,Special Square Baklawa,Baklawa,21069099,whatsapp_keyword,special square baklava,,,LOW,SAFE_TO_DRAFT,sufficient SKU context
OAS-AS-BKL-0009,Special Square Baklawa,Baklawa,21069099,whatsapp_keyword,special square baklawa lebanese baklava,,,LOW,SAFE_TO_DRAFT,sufficient SKU context
OAS-AS-BKL-0009,Special Square Baklawa,Baklawa,21069099,whatsapp_keyword,need special square baklawa,,,LOW,SAFE_TO_DRAFT,sufficient SKU context
OAS-AS-BKL-0009,Special Square Baklawa,Baklawa,21069099,whatsapp_keyword,send special square baklawa,,,LOW,SAFE_TO_DRAFT,sufficient SKU context
OAS-AS-BKL-0009,Special Square Baklawa,Baklawa,21069099,whatsapp_keyword,special square baklawa kg,,,LOW,SAFE_TO_DRAFT,sufficient SKU context
OAS-AS-BKL-0009,Special Square Baklawa,Baklawa,21069099,search_keyword,square baklawa,,,LOW,SAFE_TO_DRAFT,sufficient SKU context
OAS-AS-BKL-0010,Pistachio Ring,Baklawa,21069099,official_alias,Pista Ring,,,MEDIUM,SAFE_TO_DRAFT,sufficient SKU context
OAS-AS-BKL-0010,Pistachio Ring,Baklawa,21069099,official_alias,Pistachio Nut Ring,,,LOW,SAFE_TO_DRAFT,sufficient SKU context
OAS-AS-BKL-0010,Pistachio Ring,Baklawa,21069099,official_alias,Pistachio Ring Baklawa,,,LOW,SAFE_TO_DRAFT,sufficient SKU context
OAS-AS-BKL-0010,Pistachio Ring,Baklawa,21069099,official_alias,Pistachio Ring Baklava,,,LOW,SAFE_TO_DRAFT,sufficient SKU context
OAS-AS-BKL-0010,Pistachio Ring,Baklawa,21069099,official_alias,Pistachio Ring Lebanese Baklava,,,LOW,SAFE_TO_DRAFT,sufficient SKU context
OAS-AS-BKL-0010,Pistachio Ring,Baklawa,21069099,customer_term,pista ring,,,MEDIUM,SAFE_TO_DRAFT,sufficient SKU context
OAS-AS-BKL-0010,Pistachio Ring,Baklawa,21069099,customer_term,pista ring sweet,,,MEDIUM,SAFE_TO_DRAFT,sufficient SKU context
OAS-AS-BKL-0010,Pistachio Ring,Baklawa,21069099,customer_term,Pistachio Ring,,,LOW,SAFE_TO_DRAFT,sufficient SKU context
OAS-AS-BKL-0010,Pistachio Ring,Baklawa,21069099,customer_term,Pista Ring,,,MEDIUM,SAFE_TO_DRAFT,sufficient SKU context
OAS-AS-BKL-0010,Pistachio Ring,Baklawa,21069099,whatsapp_keyword,pistachio ring,,,LOW,SAFE_TO_DRAFT,sufficient SKU context
OAS-AS-BKL-0010,Pistachio Ring,Baklawa,21069099,whatsapp_keyword,pista ring,,,MEDIUM,SAFE_TO_DRAFT,sufficient SKU context
OAS-AS-BKL-0010,Pistachio Ring,Baklawa,21069099,whatsapp_keyword,pistachio nut ring,,,LOW,SAFE_TO_DRAFT,sufficient SKU context
OAS-AS-BKL-0010,Pistachio Ring,Baklawa,21069099,whatsapp_keyword,pistachio ring baklawa,,,LOW,SAFE_TO_DRAFT,sufficient SKU context
OAS-AS-BKL-0010,Pistachio Ring,Baklawa,21069099,whatsapp_keyword,pistachio ring baklava,,,LOW,SAFE_TO_DRAFT,sufficient SKU context
OAS-AS-BKL-0010,Pistachio Ring,Baklawa,21069099,whatsapp_keyword,pistachio ring lebanese baklava,,,LOW,SAFE_TO_DRAFT,sufficient SKU context
OAS-AS-BKL-0010,Pistachio Ring,Baklawa,21069099,whatsapp_keyword,need pistachio ring,,,LOW,SAFE_TO_DRAFT,sufficient SKU context
OAS-AS-BKL-0010,Pistachio Ring,Baklawa,21069099,whatsapp_keyword,send pistachio ring,,,LOW,SAFE_TO_DRAFT,sufficient SKU context
OAS-AS-BKL-0010,Pistachio Ring,Baklawa,21069099,whatsapp_keyword,pistachio ring kg,,,LOW,SAFE_TO_DRAFT,sufficient SKU context
OAS-AS-BKL-0010,Pistachio Ring,Baklawa,21069099,search_keyword,ring baklawa,,,MEDIUM,SAFE_TO_DRAFT,sufficient SKU context
OAS-AS-BKL-0011,Pistachio Pyramid(Topping),Baklawa,21069099,official_alias,Pistachio Pyramid Topping,,,LOW,SAFE_TO_DRAFT,sufficient SKU context
OAS-AS-BKL-0011,Pistachio Pyramid(Topping),Baklawa,21069099,official_alias,Pista Pyramid(Topping),,,LOW,SAFE_TO_DRAFT,sufficient SKU context
OAS-AS-BKL-0011,Pistachio Pyramid(Topping),Baklawa,21069099,official_alias,Pistachio Nut Pyramid(Topping),,,LOW,SAFE_TO_DRAFT,sufficient SKU context
OAS-AS-BKL-0011,Pistachio Pyramid(Topping),Baklawa,21069099,official_alias,Pistachio Pyramid Baklawa,,,LOW,SAFE_TO_DRAFT,sufficient SKU context
OAS-AS-BKL-0011,Pistachio Pyramid(Topping),Baklawa,21069099,official_alias,Pistachio Pyramid Baklava,,,LOW,SAFE_TO_DRAFT,sufficient SKU context
OAS-AS-BKL-0011,Pistachio Pyramid(Topping),Baklawa,21069099,official_alias,Pistachio Pyramid(Topping) Baklawa,,,LOW,SAFE_TO_DRAFT,sufficient SKU context
OAS-AS-BKL-0011,Pistachio Pyramid(Topping),Baklawa,21069099,official_alias,Pistachio Pyramid(Topping) Baklava,,,LOW,SAFE_TO_DRAFT,sufficient SKU context
OAS-AS-BKL-0011,Pistachio Pyramid(Topping),Baklawa,21069099,customer_term,pista pyramid,,,MEDIUM,SAFE_TO_DRAFT,sufficient SKU context
OAS-AS-BKL-0011,Pistachio Pyramid(Topping),Baklawa,21069099,customer_term,pista pyramid topping,,,LOW,SAFE_TO_DRAFT,sufficient SKU context
OAS-AS-BKL-0011,Pistachio Pyramid(Topping),Baklawa,21069099,customer_term,pyramid with topping,,,LOW,SAFE_TO_DRAFT,sufficient SKU context
OAS-AS-BKL-0011,Pistachio Pyramid(Topping),Baklawa,21069099,customer_term,Pistachio Pyramid(Topping),,,LOW,SAFE_TO_DRAFT,sufficient SKU context
OAS-AS-BKL-0011,Pistachio Pyramid(Topping),Baklawa,21069099,customer_term,Pistachio Pyramid Topping,,,LOW,SAFE_TO_DRAFT,sufficient SKU context
OAS-AS-BKL-0011,Pistachio Pyramid(Topping),Baklawa,21069099,whatsapp_keyword,pistachio pyramid(topping),,,LOW,SAFE_TO_DRAFT,sufficient SKU context
OAS-AS-BKL-0011,Pistachio Pyramid(Topping),Baklawa,21069099,whatsapp_keyword,pistachio pyramid topping,,,LOW,SAFE_TO_DRAFT,sufficient SKU context
OAS-AS-BKL-0011,Pistachio Pyramid(Topping),Baklawa,21069099,whatsapp_keyword,pista pyramid(topping),,,LOW,SAFE_TO_DRAFT,sufficient SKU context
OAS-AS-BKL-0011,Pistachio Pyramid(Topping),Baklawa,21069099,whatsapp_keyword,pistachio nut pyramid(topping),,,LOW,SAFE_TO_DRAFT,sufficient SKU context
OAS-AS-BKL-0011,Pistachio Pyramid(Topping),Baklawa,21069099,whatsapp_keyword,pistachio pyramid baklawa,,,LOW,SAFE_TO_DRAFT,sufficient SKU context
OAS-AS-BKL-0011,Pistachio Pyramid(Topping),Baklawa,21069099,whatsapp_keyword,pistachio pyramid baklava,,,LOW,SAFE_TO_DRAFT,sufficient SKU context
OAS-AS-BKL-0011,Pistachio Pyramid(Topping),Baklawa,21069099,whatsapp_keyword,pistachio pyramid(topping) baklawa,,,LOW,SAFE_TO_DRAFT,sufficient SKU context
OAS-AS-BKL-0011,Pistachio Pyramid(Topping),Baklawa,21069099,whatsapp_keyword,pistachio pyramid(topping) baklava,,,LOW,SAFE_TO_DRAFT,sufficient SKU context
OAS-AS-BKL-0011,Pistachio Pyramid(Topping),Baklawa,21069099,whatsapp_keyword,pistachio pyramid(topping) lebanese baklava,,,LOW,SAFE_TO_DRAFT,sufficient SKU context
OAS-AS-BKL-0011,Pistachio Pyramid(Topping),Baklawa,21069099,whatsapp_keyword,need pistachio pyramid(topping),,,LOW,SAFE_TO_DRAFT,sufficient SKU context
OAS-AS-BKL-0011,Pistachio Pyramid(Topping),Baklawa,21069099,whatsapp_keyword,send pistachio pyramid(topping),,,LOW,SAFE_TO_DRAFT,sufficient SKU context
OAS-AS-BKL-0011,Pistachio Pyramid(Topping),Baklawa,21069099,whatsapp_keyword,pistachio pyramid(topping) kg,,,LOW,SAFE_TO_DRAFT,sufficient SKU context
OAS-AS-BKL-0011,Pistachio Pyramid(Topping),Baklawa,21069099,search_keyword,pyramid baklawa,,,MEDIUM,SAFE_TO_DRAFT,sufficient SKU context
OAS-AS-BKL-0012,Chocolate Pistachio Asiyah,Baklawa,21069099,official_alias,Chocolate Pista Asiyah,,,LOW,SAFE_TO_DRAFT,sufficient SKU context
OAS-AS-BKL-0012,Chocolate Pistachio Asiyah,Baklawa,21069099,official_alias,Chocolate Pistachio Nut Asiyah,,,LOW,SAFE_TO_DRAFT,sufficient SKU context
OAS-AS-BKL-0012,Chocolate Pistachio Asiyah,Baklawa,21069099,official_alias,Chocolate Pistachio Asiyah Baklawa,,,LOW,SAFE_TO_DRAFT,sufficient SKU context
OAS-AS-BKL-0012,Chocolate Pistachio Asiyah,Baklawa,21069099,official_alias,Chocolate Pistachio Asiyah Baklava,,,LOW,SAFE_TO_DRAFT,sufficient SKU context
OAS-AS-BKL-0012,Chocolate Pistachio Asiyah,Baklawa,21069099,official_alias,Chocolate Pistachio Asiyah Lebanese Baklava,,,LOW,SAFE_TO_DRAFT,sufficient SKU context
OAS-AS-BKL-0012,Chocolate Pistachio Asiyah,Baklawa,21069099,customer_term,high jump sweet,,,LOW,SAFE_TO_DRAFT,sufficient SKU context
OAS-AS-BKL-0012,Chocolate Pistachio Asiyah,Baklawa,21069099,customer_term,pista gap,,,MEDIUM,SAFE_TO_DRAFT,sufficient SKU context
OAS-AS-BKL-0012,Chocolate Pistachio Asiyah,Baklawa,21069099,customer_term,asiyah piece,,,MEDIUM,SAFE_TO_DRAFT,sufficient SKU context
OAS-AS-BKL-0012,Chocolate Pistachio Asiyah,Baklawa,21069099,customer_term,Chocolate Pistachio Asiyah,,,LOW,SAFE_TO_DRAFT,sufficient SKU context
OAS-AS-BKL-0012,Chocolate Pistachio Asiyah,Baklawa,21069099,customer_term,Chocolate Pista Asiyah,,,LOW,SAFE_TO_DRAFT,sufficient SKU context
OAS-AS-BKL-0012,Chocolate Pistachio Asiyah,Baklawa,21069099,whatsapp_keyword,chocolate pistachio asiyah,,,LOW,SAFE_TO_DRAFT,sufficient SKU context
OAS-AS-BKL-0012,Chocolate Pistachio Asiyah,Baklawa,21069099,whatsapp_keyword,chocolate pista asiyah,,,LOW,SAFE_TO_DRAFT,sufficient SKU context
OAS-AS-BKL-0012,Chocolate Pistachio Asiyah,Baklawa,21069099,whatsapp_keyword,chocolate pistachio nut asiyah,,,LOW,SAFE_TO_DRAFT,sufficient SKU context
OAS-AS-BKL-0012,Chocolate Pistachio Asiyah,Baklawa,21069099,whatsapp_keyword,chocolate pistachio asiyah baklawa,,,LOW,SAFE_TO_DRAFT,sufficient SKU context
OAS-AS-BKL-0012,Chocolate Pistachio Asiyah,Baklawa,21069099,whatsapp_keyword,chocolate pistachio asiyah baklava,,,LOW,SAFE_TO_DRAFT,sufficient SKU context
OAS-AS-BKL-0012,Chocolate Pistachio Asiyah,Baklawa,21069099,whatsapp_keyword,chocolate pistachio asiyah lebanese baklava,,,LOW,SAFE_TO_DRAFT,sufficient SKU context
OAS-AS-BKL-0012,Chocolate Pistachio Asiyah,Baklawa,21069099,whatsapp_keyword,need chocolate pistachio asiyah,,,LOW,SAFE_TO_DRAFT,sufficient SKU context
OAS-AS-BKL-0012,Chocolate Pistachio Asiyah,Baklawa,21069099,whatsapp_keyword,send chocolate pistachio asiyah,,,LOW,SAFE_TO_DRAFT,sufficient SKU context
OAS-AS-BKL-0012,Chocolate Pistachio Asiyah,Baklawa,21069099,whatsapp_keyword,chocolate pistachio asiyah kg,,,LOW,SAFE_TO_DRAFT,sufficient SKU context
OAS-AS-BKL-0012,Chocolate Pistachio Asiyah,Baklawa,21069099,search_keyword,high jump baklawa,,,LOW,SAFE_TO_DRAFT,sufficient SKU context
OAS-AS-BKL-0012,Chocolate Pistachio Asiyah,Baklawa,21069099,search_keyword,chocolate filo baklawa,,,LOW,SAFE_TO_DRAFT,sufficient SKU context
OAS-AS-BKL-0013,Chocolate Cashew Asiyah,Baklawa,21069099,official_alias,Chocolate Kaju Asiyah,,,LOW,SAFE_TO_DRAFT,sufficient SKU context
OAS-AS-BKL-0013,Chocolate Cashew Asiyah,Baklawa,21069099,official_alias,Chocolate Cashew Nut Asiyah,,,LOW,SAFE_TO_DRAFT,sufficient SKU context
OAS-AS-BKL-0013,Chocolate Cashew Asiyah,Baklawa,21069099,official_alias,Cashew Assiyah,,,MEDIUM,SAFE_TO_DRAFT,sufficient SKU context
OAS-AS-BKL-0013,Chocolate Cashew Asiyah,Baklawa,21069099,official_alias,Cashew High Jump Baklawa,,,MEDIUM,SAFE_TO_DRAFT,sufficient SKU context
OAS-AS-BKL-0013,Chocolate Cashew Asiyah,Baklawa,21069099,official_alias,Cashew High Gap Baklawa,,,MEDIUM,SAFE_TO_DRAFT,sufficient SKU context
OAS-AS-BKL-0013,Chocolate Cashew Asiyah,Baklawa,21069099,official_alias,Chocolate Cashew Asiyah Baklawa,,,LOW,SAFE_TO_DRAFT,sufficient SKU context
OAS-AS-BKL-0013,Chocolate Cashew Asiyah,Baklawa,21069099,official_alias,Chocolate Cashew Asiyah Baklava,,,LOW,SAFE_TO_DRAFT,sufficient SKU context
OAS-AS-BKL-0013,Chocolate Cashew Asiyah,Baklawa,21069099,official_alias,Chocolate Cashew Asiyah Lebanese Baklava,,,LOW,SAFE_TO_DRAFT,sufficient SKU context
OAS-AS-BKL-0013,Chocolate Cashew Asiyah,Baklawa,21069099,customer_term,high jump sweet,,,LOW,SAFE_TO_DRAFT,sufficient SKU context
OAS-AS-BKL-0013,Chocolate Cashew Asiyah,Baklawa,21069099,customer_term,cashew gap,,,MEDIUM,SAFE_TO_DRAFT,sufficient SKU context
OAS-AS-BKL-0013,Chocolate Cashew Asiyah,Baklawa,21069099,customer_term,asiyah piece,,,MEDIUM,SAFE_TO_DRAFT,sufficient SKU context
OAS-AS-BKL-0013,Chocolate Cashew Asiyah,Baklawa,21069099,customer_term,Chocolate Cashew Asiyah,,,LOW,SAFE_TO_DRAFT,sufficient SKU context
OAS-AS-BKL-0013,Chocolate Cashew Asiyah,Baklawa,21069099,customer_term,Chocolate Kaju Asiyah,,,LOW,SAFE_TO_DRAFT,sufficient SKU context
OAS-AS-BKL-0013,Chocolate Cashew Asiyah,Baklawa,21069099,whatsapp_keyword,chocolate cashew asiyah,,,LOW,SAFE_TO_DRAFT,sufficient SKU context
OAS-AS-BKL-0013,Chocolate Cashew Asiyah,Baklawa,21069099,whatsapp_keyword,chocolate kaju asiyah,,,LOW,SAFE_TO_DRAFT,sufficient SKU context
OAS-AS-BKL-0013,Chocolate Cashew Asiyah,Baklawa,21069099,whatsapp_keyword,chocolate cashew nut asiyah,,,LOW,SAFE_TO_DRAFT,sufficient SKU context
OAS-AS-BKL-0013,Chocolate Cashew Asiyah,Baklawa,21069099,whatsapp_keyword,cashew assiyah,,,MEDIUM,SAFE_TO_DRAFT,sufficient SKU context
OAS-AS-BKL-0013,Chocolate Cashew Asiyah,Baklawa,21069099,whatsapp_keyword,cashew high jump baklawa,,,MEDIUM,SAFE_TO_DRAFT,sufficient SKU context
OAS-AS-BKL-0013,Chocolate Cashew Asiyah,Baklawa,21069099,whatsapp_keyword,cashew high gap baklawa,,,MEDIUM,SAFE_TO_DRAFT,sufficient SKU context
OAS-AS-BKL-0013,Chocolate Cashew Asiyah,Baklawa,21069099,whatsapp_keyword,chocolate cashew asiyah baklawa,,,LOW,SAFE_TO_DRAFT,sufficient SKU context
OAS-AS-BKL-0013,Chocolate Cashew Asiyah,Baklawa,21069099,whatsapp_keyword,chocolate cashew asiyah baklava,,,LOW,SAFE_TO_DRAFT,sufficient SKU context
OAS-AS-BKL-0013,Chocolate Cashew Asiyah,Baklawa,21069099,whatsapp_keyword,chocolate cashew asiyah lebanese baklava,,,LOW,SAFE_TO_DRAFT,sufficient SKU context
OAS-AS-BKL-0013,Chocolate Cashew Asiyah,Baklawa,21069099,whatsapp_keyword,need chocolate cashew asiyah,,,LOW,SAFE_TO_DRAFT,sufficient SKU context
OAS-AS-BKL-0013,Chocolate Cashew Asiyah,Baklawa,21069099,whatsapp_keyword,send chocolate cashew asiyah,,,LOW,SAFE_TO_DRAFT,sufficient SKU context
OAS-AS-BKL-0013,Chocolate Cashew Asiyah,Baklawa,21069099,whatsapp_keyword,chocolate cashew asiyah kg,,,LOW,SAFE_TO_DRAFT,sufficient SKU context
OAS-AS-BKL-0013,Chocolate Cashew Asiyah,Baklawa,21069099,search_keyword,high jump baklawa,,,LOW,SAFE_TO_DRAFT,sufficient SKU context
OAS-AS-BKL-0013,Chocolate Cashew Asiyah,Baklawa,21069099,search_keyword,chocolate filo baklawa,,,LOW,SAFE_TO_DRAFT,sufficient SKU context
OAS-AS-BKL-0014,Mor Cashew Asiyah,Baklawa,21069099,official_alias,Mor Kaju Asiyah,,,LOW,SAFE_TO_DRAFT,sufficient SKU context
OAS-AS-BKL-0014,Mor Cashew Asiyah,Baklawa,21069099,official_alias,Mor Cashew Nut Asiyah,,,LOW,SAFE_TO_DRAFT,sufficient SKU context
OAS-AS-BKL-0014,Mor Cashew Asiyah,Baklawa,21069099,official_alias,Beetroot Cashew Asiyah,,,LOW,SAFE_TO_DRAFT,sufficient SKU context
OAS-AS-BKL-0014,Mor Cashew Asiyah,Baklawa,21069099,official_alias,Purple Cashew Asiyah,,,LOW,SAFE_TO_DRAFT,sufficient SKU context
OAS-AS-BKL-0014,Mor Cashew Asiyah,Baklawa,21069099,official_alias,Cashew Assiyah,,,MEDIUM,SAFE_TO_DRAFT,sufficient SKU context
OAS-AS-BKL-0014,Mor Cashew Asiyah,Baklawa,21069099,official_alias,Cashew High Jump Baklawa,,,MEDIUM,SAFE_TO_DRAFT,sufficient SKU context
OAS-AS-BKL-0014,Mor Cashew Asiyah,Baklawa,21069099,official_alias,Cashew High Gap Baklawa,,,MEDIUM,SAFE_TO_DRAFT,sufficient SKU context
OAS-AS-BKL-0014,Mor Cashew Asiyah,Baklawa,21069099,official_alias,Mor Cashew Asiyah Baklawa,,,LOW,SAFE_TO_DRAFT,sufficient SKU context
OAS-AS-BKL-0014,Mor Cashew Asiyah,Baklawa,21069099,customer_term,high jump sweet,,,LOW,SAFE_TO_DRAFT,sufficient SKU context
OAS-AS-BKL-0014,Mor Cashew Asiyah,Baklawa,21069099,customer_term,cashew gap,,,MEDIUM,SAFE_TO_DRAFT,sufficient SKU context
OAS-AS-BKL-0014,Mor Cashew Asiyah,Baklawa,21069099,customer_term,asiyah piece,,,MEDIUM,SAFE_TO_DRAFT,sufficient SKU context
OAS-AS-BKL-0014,Mor Cashew Asiyah,Baklawa,21069099,customer_term,Mor Cashew Asiyah,,,LOW,SAFE_TO_DRAFT,sufficient SKU context
OAS-AS-BKL-0014,Mor Cashew Asiyah,Baklawa,21069099,customer_term,Mor Kaju Asiyah,,,LOW,SAFE_TO_DRAFT,sufficient SKU context
OAS-AS-BKL-0014,Mor Cashew Asiyah,Baklawa,21069099,whatsapp_keyword,mor cashew asiyah,,,LOW,SAFE_TO_DRAFT,sufficient SKU context
OAS-AS-BKL-0014,Mor Cashew Asiyah,Baklawa,21069099,whatsapp_keyword,mor kaju asiyah,,,LOW,SAFE_TO_DRAFT,sufficient SKU context
OAS-AS-BKL-0014,Mor Cashew Asiyah,Baklawa,21069099,whatsapp_keyword,mor cashew nut asiyah,,,LOW,SAFE_TO_DRAFT,sufficient SKU context
OAS-AS-BKL-0014,Mor Cashew Asiyah,Baklawa,21069099,whatsapp_keyword,beetroot cashew asiyah,,,LOW,SAFE_TO_DRAFT,sufficient SKU context
OAS-AS-BKL-0014,Mor Cashew Asiyah,Baklawa,21069099,whatsapp_keyword,purple cashew asiyah,,,LOW,SAFE_TO_DRAFT,sufficient SKU context
OAS-AS-BKL-0014,Mor Cashew Asiyah,Baklawa,21069099,whatsapp_keyword,cashew assiyah,,,MEDIUM,SAFE_TO_DRAFT,sufficient SKU context
OAS-AS-BKL-0014,Mor Cashew Asiyah,Baklawa,21069099,whatsapp_keyword,cashew high jump baklawa,,,MEDIUM,SAFE_TO_DRAFT,sufficient SKU context
OAS-AS-BKL-0014,Mor Cashew Asiyah,Baklawa,21069099,whatsapp_keyword,cashew high gap baklawa,,,MEDIUM,SAFE_TO_DRAFT,sufficient SKU context
OAS-AS-BKL-0014,Mor Cashew Asiyah,Baklawa,21069099,whatsapp_keyword,mor cashew asiyah baklawa,,,LOW,SAFE_TO_DRAFT,sufficient SKU context
OAS-AS-BKL-0014,Mor Cashew Asiyah,Baklawa,21069099,whatsapp_keyword,mor cashew asiyah baklava,,,LOW,SAFE_TO_DRAFT,sufficient SKU context
OAS-AS-BKL-0014,Mor Cashew Asiyah,Baklawa,21069099,whatsapp_keyword,mor cashew asiyah lebanese baklava,,,LOW,SAFE_TO_DRAFT,sufficient SKU context
OAS-AS-BKL-0014,Mor Cashew Asiyah,Baklawa,21069099,whatsapp_keyword,need mor cashew asiyah,,,LOW,SAFE_TO_DRAFT,sufficient SKU context
OAS-AS-BKL-0014,Mor Cashew Asiyah,Baklawa,21069099,whatsapp_keyword,send mor cashew asiyah,,,LOW,SAFE_TO_DRAFT,sufficient SKU context
OAS-AS-BKL-0014,Mor Cashew Asiyah,Baklawa,21069099,whatsapp_keyword,mor cashew asiyah kg,,,LOW,SAFE_TO_DRAFT,sufficient SKU context
OAS-AS-BKL-0014,Mor Cashew Asiyah,Baklawa,21069099,search_keyword,high jump baklawa,,,LOW,SAFE_TO_DRAFT,sufficient SKU context
OAS-AS-BKL-0014,Mor Cashew Asiyah,Baklawa,21069099,search_keyword,beetroot filo,,,LOW,SAFE_TO_DRAFT,sufficient SKU context
OAS-AS-BKL-0015,Mor Pistachio Asiyah,Baklawa,21069099,official_alias,Mor Pista Asiyah,,,LOW,SAFE_TO_DRAFT,sufficient SKU context
OAS-AS-BKL-0015,Mor Pistachio Asiyah,Baklawa,21069099,official_alias,Mor Pistachio Nut Asiyah,,,LOW,SAFE_TO_DRAFT,sufficient SKU context
OAS-AS-BKL-0015,Mor Pistachio Asiyah,Baklawa,21069099,official_alias,Beetroot Pistachio Asiyah,,,LOW,SAFE_TO_DRAFT,sufficient SKU context
OAS-AS-BKL-0015,Mor Pistachio Asiyah,Baklawa,21069099,official_alias,Purple Pistachio Asiyah,,,LOW,SAFE_TO_DRAFT,sufficient SKU context
OAS-AS-BKL-0015,Mor Pistachio Asiyah,Baklawa,21069099,official_alias,Mor Pistachio Asiyah Baklawa,,,LOW,SAFE_TO_DRAFT,sufficient SKU context
OAS-AS-BKL-0015,Mor Pistachio Asiyah,Baklawa,21069099,customer_term,high jump sweet,,,LOW,SAFE_TO_DRAFT,sufficient SKU context
OAS-AS-BKL-0015,Mor Pistachio Asiyah,Baklawa,21069099,customer_term,pista gap,,,MEDIUM,SAFE_TO_DRAFT,sufficient SKU context
OAS-AS-BKL-0015,Mor Pistachio Asiyah,Baklawa,21069099,customer_term,asiyah piece,,,MEDIUM,SAFE_TO_DRAFT,sufficient SKU context
OAS-AS-BKL-0015,Mor Pistachio Asiyah,Baklawa,21069099,customer_term,Mor Pistachio Asiyah,,,LOW,SAFE_TO_DRAFT,sufficient SKU context
OAS-AS-BKL-0015,Mor Pistachio Asiyah,Baklawa,21069099,customer_term,Mor Pista Asiyah,,,LOW,SAFE_TO_DRAFT,sufficient SKU context
OAS-AS-BKL-0015,Mor Pistachio Asiyah,Baklawa,21069099,whatsapp_keyword,mor pistachio asiyah,,,LOW,SAFE_TO_DRAFT,sufficient SKU context
OAS-AS-BKL-0015,Mor Pistachio Asiyah,Baklawa,21069099,whatsapp_keyword,mor pista asiyah,,,LOW,SAFE_TO_DRAFT,sufficient SKU context
OAS-AS-BKL-0015,Mor Pistachio Asiyah,Baklawa,21069099,whatsapp_keyword,mor pistachio nut asiyah,,,LOW,SAFE_TO_DRAFT,sufficient SKU context
OAS-AS-BKL-0015,Mor Pistachio Asiyah,Baklawa,21069099,whatsapp_keyword,beetroot pistachio asiyah,,,LOW,SAFE_TO_DRAFT,sufficient SKU context
OAS-AS-BKL-0015,Mor Pistachio Asiyah,Baklawa,21069099,whatsapp_keyword,purple pistachio asiyah,,,LOW,SAFE_TO_DRAFT,sufficient SKU context
OAS-AS-BKL-0015,Mor Pistachio Asiyah,Baklawa,21069099,whatsapp_keyword,mor pistachio asiyah baklawa,,,LOW,SAFE_TO_DRAFT,sufficient SKU context
OAS-AS-BKL-0015,Mor Pistachio Asiyah,Baklawa,21069099,whatsapp_keyword,mor pistachio asiyah baklava,,,LOW,SAFE_TO_DRAFT,sufficient SKU context
OAS-AS-BKL-0015,Mor Pistachio Asiyah,Baklawa,21069099,whatsapp_keyword,mor pistachio asiyah lebanese baklava,,,LOW,SAFE_TO_DRAFT,sufficient SKU context
OAS-AS-BKL-0015,Mor Pistachio Asiyah,Baklawa,21069099,whatsapp_keyword,need mor pistachio asiyah,,,LOW,SAFE_TO_DRAFT,sufficient SKU context
OAS-AS-BKL-0015,Mor Pistachio Asiyah,Baklawa,21069099,whatsapp_keyword,send mor pistachio asiyah,,,LOW,SAFE_TO_DRAFT,sufficient SKU context
OAS-AS-BKL-0015,Mor Pistachio Asiyah,Baklawa,21069099,whatsapp_keyword,mor pistachio asiyah kg,,,LOW,SAFE_TO_DRAFT,sufficient SKU context
OAS-AS-BKL-0015,Mor Pistachio Asiyah,Baklawa,21069099,search_keyword,high jump baklawa,,,LOW,SAFE_TO_DRAFT,sufficient SKU context
OAS-AS-BKL-0015,Mor Pistachio Asiyah,Baklawa,21069099,search_keyword,beetroot filo,,,LOW,SAFE_TO_DRAFT,sufficient SKU context
OAS-AS-BKL-0016,Pistachio Asiyah,Baklawa,21069099,official_alias,Pista Asiyah,,,MEDIUM,SAFE_TO_DRAFT,sufficient SKU context
OAS-AS-BKL-0016,Pistachio Asiyah,Baklawa,21069099,official_alias,Pistachio Nut Asiyah,,,LOW,SAFE_TO_DRAFT,sufficient SKU context
OAS-AS-BKL-0016,Pistachio Asiyah,Baklawa,21069099,official_alias,Pistachio Asiyah Baklawa,,,LOW,SAFE_TO_DRAFT,sufficient SKU context
OAS-AS-BKL-0016,Pistachio Asiyah,Baklawa,21069099,official_alias,Pistachio Asiyah Baklava,,,LOW,SAFE_TO_DRAFT,sufficient SKU context
OAS-AS-BKL-0016,Pistachio Asiyah,Baklawa,21069099,official_alias,Pistachio Asiyah Lebanese Baklava,,,LOW,SAFE_TO_DRAFT,sufficient SKU context
OAS-AS-BKL-0016,Pistachio Asiyah,Baklawa,21069099,customer_term,high jump sweet,,,LOW,SAFE_TO_DRAFT,sufficient SKU context
OAS-AS-BKL-0016,Pistachio Asiyah,Baklawa,21069099,customer_term,pista gap,,,MEDIUM,SAFE_TO_DRAFT,sufficient SKU context
OAS-AS-BKL-0016,Pistachio Asiyah,Baklawa,21069099,customer_term,asiyah piece,,,MEDIUM,SAFE_TO_DRAFT,sufficient SKU context
OAS-AS-BKL-0016,Pistachio Asiyah,Baklawa,21069099,customer_term,Pistachio Asiyah,,,LOW,SAFE_TO_DRAFT,sufficient SKU context
OAS-AS-BKL-0016,Pistachio Asiyah,Baklawa,21069099,customer_term,Pista Asiyah,,,MEDIUM,SAFE_TO_DRAFT,sufficient SKU context
OAS-AS-BKL-0016,Pistachio Asiyah,Baklawa,21069099,whatsapp_keyword,pistachio asiyah,,,LOW,SAFE_TO_DRAFT,sufficient SKU context
OAS-AS-BKL-0016,Pistachio Asiyah,Baklawa,21069099,whatsapp_keyword,pista asiyah,,,MEDIUM,SAFE_TO_DRAFT,sufficient SKU context
OAS-AS-BKL-0016,Pistachio Asiyah,Baklawa,21069099,whatsapp_keyword,pistachio nut asiyah,,,LOW,SAFE_TO_DRAFT,sufficient SKU context
OAS-AS-BKL-0016,Pistachio Asiyah,Baklawa,21069099,whatsapp_keyword,pistachio asiyah baklawa,,,LOW,SAFE_TO_DRAFT,sufficient SKU context
OAS-AS-BKL-0016,Pistachio Asiyah,Baklawa,21069099,whatsapp_keyword,pistachio asiyah baklava,,,LOW,SAFE_TO_DRAFT,sufficient SKU context
OAS-AS-BKL-0016,Pistachio Asiyah,Baklawa,21069099,whatsapp_keyword,pistachio asiyah lebanese baklava,,,LOW,SAFE_TO_DRAFT,sufficient SKU context
OAS-AS-BKL-0016,Pistachio Asiyah,Baklawa,21069099,whatsapp_keyword,need pistachio asiyah,,,LOW,SAFE_TO_DRAFT,sufficient SKU context
OAS-AS-BKL-0016,Pistachio Asiyah,Baklawa,21069099,whatsapp_keyword,send pistachio asiyah,,,LOW,SAFE_TO_DRAFT,sufficient SKU context
OAS-AS-BKL-0016,Pistachio Asiyah,Baklawa,21069099,whatsapp_keyword,pistachio asiyah kg,,,LOW,SAFE_TO_DRAFT,sufficient SKU context
OAS-AS-BKL-0016,Pistachio Asiyah,Baklawa,21069099,search_keyword,high jump baklawa,,,LOW,SAFE_TO_DRAFT,sufficient SKU context
OAS-AS-BKL-0017,Cashew Asiyah,Baklawa,21069099,official_alias,Kaju Asiyah,,,MEDIUM,SAFE_TO_DRAFT,sufficient SKU context
OAS-AS-BKL-0017,Cashew Asiyah,Baklawa,21069099,official_alias,Cashew Nut Asiyah,,,LOW,SAFE_TO_DRAFT,sufficient SKU context
OAS-AS-BKL-0017,Cashew Asiyah,Baklawa,21069099,official_alias,Cashew Assiyah,,,MEDIUM,SAFE_TO_DRAFT,sufficient SKU context
OAS-AS-BKL-0017,Cashew Asiyah,Baklawa,21069099,official_alias,Cashew High Jump Baklawa,,,MEDIUM,SAFE_TO_DRAFT,sufficient SKU context
OAS-AS-BKL-0017,Cashew Asiyah,Baklawa,21069099,official_alias,Cashew High Gap Baklawa,,,MEDIUM,SAFE_TO_DRAFT,sufficient SKU context
OAS-AS-BKL-0017,Cashew Asiyah,Baklawa,21069099,official_alias,Cashew Asiyah Baklawa,,,LOW,SAFE_TO_DRAFT,sufficient SKU context
OAS-AS-BKL-0017,Cashew Asiyah,Baklawa,21069099,official_alias,Cashew Asiyah Baklava,,,LOW,SAFE_TO_DRAFT,sufficient SKU context
OAS-AS-BKL-0017,Cashew Asiyah,Baklawa,21069099,official_alias,Cashew Asiyah Lebanese Baklava,,,LOW,SAFE_TO_DRAFT,sufficient SKU context
OAS-AS-BKL-0017,Cashew Asiyah,Baklawa,21069099,customer_term,high jump sweet,,,LOW,SAFE_TO_DRAFT,sufficient SKU context
OAS-AS-BKL-0017,Cashew Asiyah,Baklawa,21069099,customer_term,cashew gap,,,MEDIUM,SAFE_TO_DRAFT,sufficient SKU context
OAS-AS-BKL-0017,Cashew Asiyah,Baklawa,21069099,customer_term,asiyah piece,,,MEDIUM,SAFE_TO_DRAFT,sufficient SKU context
OAS-AS-BKL-0017,Cashew Asiyah,Baklawa,21069099,customer_term,Cashew Asiyah,,,LOW,SAFE_TO_DRAFT,sufficient SKU context
OAS-AS-BKL-0017,Cashew Asiyah,Baklawa,21069099,customer_term,Kaju Asiyah,,,MEDIUM,SAFE_TO_DRAFT,sufficient SKU context
OAS-AS-BKL-0017,Cashew Asiyah,Baklawa,21069099,whatsapp_keyword,cashew asiyah,,,LOW,SAFE_TO_DRAFT,sufficient SKU context
OAS-AS-BKL-0017,Cashew Asiyah,Baklawa,21069099,whatsapp_keyword,kaju asiyah,,,MEDIUM,SAFE_TO_DRAFT,sufficient SKU context
OAS-AS-BKL-0017,Cashew Asiyah,Baklawa,21069099,whatsapp_keyword,cashew nut asiyah,,,LOW,SAFE_TO_DRAFT,sufficient SKU context
OAS-AS-BKL-0017,Cashew Asiyah,Baklawa,21069099,whatsapp_keyword,cashew assiyah,,,MEDIUM,SAFE_TO_DRAFT,sufficient SKU context
OAS-AS-BKL-0017,Cashew Asiyah,Baklawa,21069099,whatsapp_keyword,cashew high jump baklawa,,,MEDIUM,SAFE_TO_DRAFT,sufficient SKU context
OAS-AS-BKL-0017,Cashew Asiyah,Baklawa,21069099,whatsapp_keyword,cashew high gap baklawa,,,MEDIUM,SAFE_TO_DRAFT,sufficient SKU context
OAS-AS-BKL-0017,Cashew Asiyah,Baklawa,21069099,whatsapp_keyword,cashew asiyah baklawa,,,LOW,SAFE_TO_DRAFT,sufficient SKU context
OAS-AS-BKL-0017,Cashew Asiyah,Baklawa,21069099,whatsapp_keyword,cashew asiyah baklava,,,LOW,SAFE_TO_DRAFT,sufficient SKU context
OAS-AS-BKL-0017,Cashew Asiyah,Baklawa,21069099,whatsapp_keyword,cashew asiyah lebanese baklava,,,LOW,SAFE_TO_DRAFT,sufficient SKU context
OAS-AS-BKL-0017,Cashew Asiyah,Baklawa,21069099,whatsapp_keyword,need cashew asiyah,,,LOW,SAFE_TO_DRAFT,sufficient SKU context
OAS-AS-BKL-0017,Cashew Asiyah,Baklawa,21069099,whatsapp_keyword,send cashew asiyah,,,LOW,SAFE_TO_DRAFT,sufficient SKU context
OAS-AS-BKL-0017,Cashew Asiyah,Baklawa,21069099,whatsapp_keyword,cashew asiyah kg,,,LOW,SAFE_TO_DRAFT,sufficient SKU context
OAS-AS-BKL-0017,Cashew Asiyah,Baklawa,21069099,search_keyword,high jump baklawa,,,LOW,SAFE_TO_DRAFT,sufficient SKU context
OAS-AS-BKL-0018,Diamond Pistachio,Baklawa,21069099,official_alias,Diamond Pista,,,LOW,SAFE_TO_DRAFT,sufficient SKU context
OAS-AS-BKL-0018,Diamond Pistachio,Baklawa,21069099,official_alias,Diamond Pistachio Nut,,,LOW,SAFE_TO_DRAFT,sufficient SKU context
OAS-AS-BKL-0018,Diamond Pistachio,Baklawa,21069099,official_alias,Pistachio Diamond Baklawa,,,LOW,SAFE_TO_DRAFT,sufficient SKU context
OAS-AS-BKL-0018,Diamond Pistachio,Baklawa,21069099,official_alias,Pistachio Diamond Baklava,,,LOW,SAFE_TO_DRAFT,sufficient SKU context
OAS-AS-BKL-0018,Diamond Pistachio,Baklawa,21069099,official_alias,Diamond Pistachio Baklawa,,,LOW,SAFE_TO_DRAFT,sufficient SKU context
OAS-AS-BKL-0018,Diamond Pistachio,Baklawa,21069099,official_alias,Diamond Pistachio Baklava,,,LOW,SAFE_TO_DRAFT,sufficient SKU context
OAS-AS-BKL-0018,Diamond Pistachio,Baklawa,21069099,official_alias,Diamond Pistachio Lebanese Baklava,,,LOW,SAFE_TO_DRAFT,sufficient SKU context
OAS-AS-BKL-0018,Diamond Pistachio,Baklawa,21069099,customer_term,pista diamond,,,MEDIUM,SAFE_TO_DRAFT,sufficient SKU context
OAS-AS-BKL-0018,Diamond Pistachio,Baklawa,21069099,customer_term,diamond shape pista,,,LOW,SAFE_TO_DRAFT,sufficient SKU context
OAS-AS-BKL-0018,Diamond Pistachio,Baklawa,21069099,customer_term,Diamond Pistachio,,,LOW,SAFE_TO_DRAFT,sufficient SKU context
OAS-AS-BKL-0018,Diamond Pistachio,Baklawa,21069099,customer_term,Diamond Pista,,,LOW,SAFE_TO_DRAFT,sufficient SKU context
OAS-AS-BKL-0018,Diamond Pistachio,Baklawa,21069099,whatsapp_keyword,diamond pistachio,,,LOW,SAFE_TO_DRAFT,sufficient SKU context
OAS-AS-BKL-0018,Diamond Pistachio,Baklawa,21069099,whatsapp_keyword,diamond pista,,,LOW,SAFE_TO_DRAFT,sufficient SKU context
OAS-AS-BKL-0018,Diamond Pistachio,Baklawa,21069099,whatsapp_keyword,diamond pistachio nut,,,LOW,SAFE_TO_DRAFT,sufficient SKU context
OAS-AS-BKL-0018,Diamond Pistachio,Baklawa,21069099,whatsapp_keyword,pistachio diamond baklawa,,,LOW,SAFE_TO_DRAFT,sufficient SKU context
OAS-AS-BKL-0018,Diamond Pistachio,Baklawa,21069099,whatsapp_keyword,pistachio diamond baklava,,,LOW,SAFE_TO_DRAFT,sufficient SKU context
OAS-AS-BKL-0018,Diamond Pistachio,Baklawa,21069099,whatsapp_keyword,diamond pistachio baklawa,,,LOW,SAFE_TO_DRAFT,sufficient SKU context
OAS-AS-BKL-0018,Diamond Pistachio,Baklawa,21069099,whatsapp_keyword,diamond pistachio baklava,,,LOW,SAFE_TO_DRAFT,sufficient SKU context
OAS-AS-BKL-0018,Diamond Pistachio,Baklawa,21069099,whatsapp_keyword,diamond pistachio lebanese baklava,,,LOW,SAFE_TO_DRAFT,sufficient SKU context
OAS-AS-BKL-0018,Diamond Pistachio,Baklawa,21069099,whatsapp_keyword,need diamond pistachio,,,LOW,SAFE_TO_DRAFT,sufficient SKU context
OAS-AS-BKL-0018,Diamond Pistachio,Baklawa,21069099,whatsapp_keyword,send diamond pistachio,,,LOW,SAFE_TO_DRAFT,sufficient SKU context
OAS-AS-BKL-0018,Diamond Pistachio,Baklawa,21069099,whatsapp_keyword,diamond pistachio kg,,,LOW,SAFE_TO_DRAFT,sufficient SKU context
OAS-AS-BKL-0018,Diamond Pistachio,Baklawa,21069099,search_keyword,diamond baklawa,,,LOW,SAFE_TO_DRAFT,sufficient SKU context
OAS-AS-BKL-0019,Pistachio Pyramid,Baklawa,21069099,official_alias,Pista Pyramid,,,MEDIUM,SAFE_TO_DRAFT,sufficient SKU context
OAS-AS-BKL-0019,Pistachio Pyramid,Baklawa,21069099,official_alias,Pistachio Nut Pyramid,,,LOW,SAFE_TO_DRAFT,sufficient SKU context
OAS-AS-BKL-0019,Pistachio Pyramid,Baklawa,21069099,official_alias,Pistachio Pyramid Baklawa,,,LOW,SAFE_TO_DRAFT,sufficient SKU context
OAS-AS-BKL-0019,Pistachio Pyramid,Baklawa,21069099,official_alias,Pistachio Pyramid Baklava,,,LOW,SAFE_TO_DRAFT,sufficient SKU context
OAS-AS-BKL-0019,Pistachio Pyramid,Baklawa,21069099,official_alias,Pistachio Pyramid Lebanese Baklava,,,LOW,SAFE_TO_DRAFT,sufficient SKU context
OAS-AS-BKL-0019,Pistachio Pyramid,Baklawa,21069099,customer_term,pista pyramid,,,MEDIUM,SAFE_TO_DRAFT,sufficient SKU context
OAS-AS-BKL-0019,Pistachio Pyramid,Baklawa,21069099,customer_term,Pistachio Pyramid,,,LOW,SAFE_TO_DRAFT,sufficient SKU context
OAS-AS-BKL-0019,Pistachio Pyramid,Baklawa,21069099,customer_term,Pista Pyramid,,,MEDIUM,SAFE_TO_DRAFT,sufficient SKU context
OAS-AS-BKL-0019,Pistachio Pyramid,Baklawa,21069099,whatsapp_keyword,pistachio pyramid,,,LOW,SAFE_TO_DRAFT,sufficient SKU context
OAS-AS-BKL-0019,Pistachio Pyramid,Baklawa,21069099,whatsapp_keyword,pista pyramid,,,MEDIUM,SAFE_TO_DRAFT,sufficient SKU context
OAS-AS-BKL-0019,Pistachio Pyramid,Baklawa,21069099,whatsapp_keyword,pistachio nut pyramid,,,LOW,SAFE_TO_DRAFT,sufficient SKU context
OAS-AS-BKL-0019,Pistachio Pyramid,Baklawa,21069099,whatsapp_keyword,pistachio pyramid baklawa,,,LOW,SAFE_TO_DRAFT,sufficient SKU context
OAS-AS-BKL-0019,Pistachio Pyramid,Baklawa,21069099,whatsapp_keyword,pistachio pyramid baklava,,,LOW,SAFE_TO_DRAFT,sufficient SKU context
OAS-AS-BKL-0019,Pistachio Pyramid,Baklawa,21069099,whatsapp_keyword,pistachio pyramid lebanese baklava,,,LOW,SAFE_TO_DRAFT,sufficient SKU context
OAS-AS-BKL-0019,Pistachio Pyramid,Baklawa,21069099,whatsapp_keyword,need pistachio pyramid,,,LOW,SAFE_TO_DRAFT,sufficient SKU context
OAS-AS-BKL-0019,Pistachio Pyramid,Baklawa,21069099,whatsapp_keyword,send pistachio pyramid,,,LOW,SAFE_TO_DRAFT,sufficient SKU context
OAS-AS-BKL-0019,Pistachio Pyramid,Baklawa,21069099,whatsapp_keyword,pistachio pyramid kg,,,LOW,SAFE_TO_DRAFT,sufficient SKU context
OAS-AS-BKL-0020,Tart Cashew,Baklawa,21069099,official_alias,Tart Kaju,,,MEDIUM,SAFE_TO_DRAFT,sufficient SKU context
OAS-AS-BKL-0020,Tart Cashew,Baklawa,21069099,official_alias,Tart Cashew Nut,,,LOW,SAFE_TO_DRAFT,sufficient SKU context
OAS-AS-BKL-0020,Tart Cashew,Baklawa,21069099,official_alias,Cashew Baklawa Tart,,,LOW,SAFE_TO_DRAFT,sufficient SKU context
OAS-AS-BKL-0020,Tart Cashew,Baklawa,21069099,official_alias,Cashew Tart Baklawa,,,LOW,SAFE_TO_DRAFT,sufficient SKU context
OAS-AS-BKL-0020,Tart Cashew,Baklawa,21069099,official_alias,Tart Cashew Baklawa,,,LOW,SAFE_TO_DRAFT,sufficient SKU context
OAS-AS-BKL-0020,Tart Cashew,Baklawa,21069099,official_alias,Tart Cashew Baklava,,,LOW,SAFE_TO_DRAFT,sufficient SKU context
OAS-AS-BKL-0020,Tart Cashew,Baklawa,21069099,official_alias,Tart Cashew Lebanese Baklava,,,LOW,SAFE_TO_DRAFT,sufficient SKU context
OAS-AS-BKL-0020,Tart Cashew,Baklawa,21069099,official_alias,Cashew Katori,,,MEDIUM,SAFE_TO_DRAFT,sufficient SKU context
OAS-AS-BKL-0020,Tart Cashew,Baklawa,21069099,customer_term,baklawa tart,,,MEDIUM,SAFE_TO_DRAFT,sufficient SKU context
OAS-AS-BKL-0020,Tart Cashew,Baklawa,21069099,customer_term,katori sweet,,,LOW,SAFE_TO_DRAFT,sufficient SKU context
OAS-AS-BKL-0020,Tart Cashew,Baklawa,21069099,customer_term,Tart Cashew,,,LOW,SAFE_TO_DRAFT,sufficient SKU context
OAS-AS-BKL-0020,Tart Cashew,Baklawa,21069099,customer_term,Tart Kaju,,,MEDIUM,SAFE_TO_DRAFT,sufficient SKU context
OAS-AS-BKL-0020,Tart Cashew,Baklawa,21069099,whatsapp_keyword,tart cashew,,,LOW,SAFE_TO_DRAFT,sufficient SKU context
OAS-AS-BKL-0020,Tart Cashew,Baklawa,21069099,whatsapp_keyword,tart kaju,,,MEDIUM,SAFE_TO_DRAFT,sufficient SKU context
OAS-AS-BKL-0020,Tart Cashew,Baklawa,21069099,whatsapp_keyword,tart cashew nut,,,LOW,SAFE_TO_DRAFT,sufficient SKU context
OAS-AS-BKL-0020,Tart Cashew,Baklawa,21069099,whatsapp_keyword,cashew baklawa tart,,,LOW,SAFE_TO_DRAFT,sufficient SKU context
OAS-AS-BKL-0020,Tart Cashew,Baklawa,21069099,whatsapp_keyword,cashew tart baklawa,,,LOW,SAFE_TO_DRAFT,sufficient SKU context
OAS-AS-BKL-0020,Tart Cashew,Baklawa,21069099,whatsapp_keyword,tart cashew baklawa,,,LOW,SAFE_TO_DRAFT,sufficient SKU context
OAS-AS-BKL-0020,Tart Cashew,Baklawa,21069099,whatsapp_keyword,tart cashew baklava,,,LOW,SAFE_TO_DRAFT,sufficient SKU context
OAS-AS-BKL-0020,Tart Cashew,Baklawa,21069099,whatsapp_keyword,tart cashew lebanese baklava,,,LOW,SAFE_TO_DRAFT,sufficient SKU context
OAS-AS-BKL-0020,Tart Cashew,Baklawa,21069099,whatsapp_keyword,need tart cashew,,,LOW,SAFE_TO_DRAFT,sufficient SKU context
OAS-AS-BKL-0020,Tart Cashew,Baklawa,21069099,whatsapp_keyword,send tart cashew,,,LOW,SAFE_TO_DRAFT,sufficient SKU context
OAS-AS-BKL-0020,Tart Cashew,Baklawa,21069099,whatsapp_keyword,tart cashew kg,,,LOW,SAFE_TO_DRAFT,sufficient SKU context
OAS-AS-BKL-0020,Tart Cashew,Baklawa,21069099,search_keyword,baklawa tart,,,MEDIUM,SAFE_TO_DRAFT,sufficient SKU context
OAS-AS-BKL-0020,Tart Cashew,Baklawa,21069099,search_keyword,katori,,,LOW,SAFE_TO_DRAFT,sufficient SKU context
OAS-AS-BKL-0021,Mix Nut Tart,Baklawa,21069099,official_alias,Mix Nut Baklawa Tart,,,LOW,SAFE_TO_DRAFT,sufficient SKU context
OAS-AS-BKL-0021,Mix Nut Tart,Baklawa,21069099,official_alias,Mix Nut Tart Baklawa,,,LOW,SAFE_TO_DRAFT,sufficient SKU context
OAS-AS-BKL-0021,Mix Nut Tart,Baklawa,21069099,official_alias,Mix Nut Tart Baklava,,,LOW,SAFE_TO_DRAFT,sufficient SKU context
OAS-AS-BKL-0021,Mix Nut Tart,Baklawa,21069099,official_alias,Mix Nut Tart Lebanese Baklava,,,LOW,SAFE_TO_DRAFT,sufficient SKU context
OAS-AS-BKL-0021,Mix Nut Tart,Baklawa,21069099,customer_term,baklawa tart,,,MEDIUM,SAFE_TO_DRAFT,sufficient SKU context
OAS-AS-BKL-0021,Mix Nut Tart,Baklawa,21069099,customer_term,katori sweet,,,LOW,SAFE_TO_DRAFT,sufficient SKU context
OAS-AS-BKL-0021,Mix Nut Tart,Baklawa,21069099,customer_term,mixed nut tart,,,LOW,SAFE_TO_DRAFT,sufficient SKU context
OAS-AS-BKL-0021,Mix Nut Tart,Baklawa,21069099,customer_term,mix tart,,,LOW,SAFE_TO_DRAFT,sufficient SKU context
OAS-AS-BKL-0021,Mix Nut Tart,Baklawa,21069099,customer_term,Mix Nut Tart,,,LOW,SAFE_TO_DRAFT,sufficient SKU context
OAS-AS-BKL-0021,Mix Nut Tart,Baklawa,21069099,customer_term,Mix Nut Baklawa Tart,,,LOW,SAFE_TO_DRAFT,sufficient SKU context
OAS-AS-BKL-0021,Mix Nut Tart,Baklawa,21069099,whatsapp_keyword,mix nut tart,,,LOW,SAFE_TO_DRAFT,sufficient SKU context
OAS-AS-BKL-0021,Mix Nut Tart,Baklawa,21069099,whatsapp_keyword,mix nut baklawa tart,,,LOW,SAFE_TO_DRAFT,sufficient SKU context
OAS-AS-BKL-0021,Mix Nut Tart,Baklawa,21069099,whatsapp_keyword,mix nut tart baklawa,,,LOW,SAFE_TO_DRAFT,sufficient SKU context
OAS-AS-BKL-0021,Mix Nut Tart,Baklawa,21069099,whatsapp_keyword,mix nut tart baklava,,,LOW,SAFE_TO_DRAFT,sufficient SKU context
OAS-AS-BKL-0021,Mix Nut Tart,Baklawa,21069099,whatsapp_keyword,mix nut tart lebanese baklava,,,LOW,SAFE_TO_DRAFT,sufficient SKU context
OAS-AS-BKL-0021,Mix Nut Tart,Baklawa,21069099,whatsapp_keyword,need mix nut tart,,,LOW,SAFE_TO_DRAFT,sufficient SKU context
OAS-AS-BKL-0021,Mix Nut Tart,Baklawa,21069099,whatsapp_keyword,send mix nut tart,,,LOW,SAFE_TO_DRAFT,sufficient SKU context
OAS-AS-BKL-0021,Mix Nut Tart,Baklawa,21069099,whatsapp_keyword,mix nut tart kg,,,LOW,SAFE_TO_DRAFT,sufficient SKU context
OAS-AS-BKL-0021,Mix Nut Tart,Baklawa,21069099,regional_term,Mix Nut Tart,en,latin,LOW,SAFE_TO_DRAFT,sufficient SKU context
OAS-AS-BKL-0021,Mix Nut Tart,Baklawa,21069099,search_keyword,baklawa tart,,,MEDIUM,SAFE_TO_DRAFT,sufficient SKU context
OAS-AS-BKL-0021,Mix Nut Tart,Baklawa,21069099,search_keyword,katori,,,LOW,SAFE_TO_DRAFT,sufficient SKU context
OAS-AS-BKL-0022,Almond Tart,Baklawa,21069099,official_alias,Badam Tart,,,LOW,SAFE_TO_DRAFT,sufficient SKU context
OAS-AS-BKL-0022,Almond Tart,Baklawa,21069099,official_alias,Almond Baklawa Tart,,,LOW,SAFE_TO_DRAFT,sufficient SKU context
OAS-AS-BKL-0022,Almond Tart,Baklawa,21069099,official_alias,Almond Tart Baklawa,,,LOW,SAFE_TO_DRAFT,sufficient SKU context
OAS-AS-BKL-0022,Almond Tart,Baklawa,21069099,official_alias,Almond Tart Baklava,,,LOW,SAFE_TO_DRAFT,sufficient SKU context
OAS-AS-BKL-0022,Almond Tart,Baklawa,21069099,official_alias,Almond Tart Lebanese Baklava,,,LOW,SAFE_TO_DRAFT,sufficient SKU context
OAS-AS-BKL-0022,Almond Tart,Baklawa,21069099,customer_term,baklawa tart,,,MEDIUM,SAFE_TO_DRAFT,sufficient SKU context
OAS-AS-BKL-0022,Almond Tart,Baklawa,21069099,customer_term,katori sweet,,,LOW,SAFE_TO_DRAFT,sufficient SKU context
OAS-AS-BKL-0022,Almond Tart,Baklawa,21069099,customer_term,Almond Tart,,,LOW,SAFE_TO_DRAFT,sufficient SKU context
OAS-AS-BKL-0022,Almond Tart,Baklawa,21069099,customer_term,Badam Tart,,,LOW,SAFE_TO_DRAFT,sufficient SKU context
OAS-AS-BKL-0022,Almond Tart,Baklawa,21069099,whatsapp_keyword,almond tart,,,LOW,SAFE_TO_DRAFT,sufficient SKU context
OAS-AS-BKL-0022,Almond Tart,Baklawa,21069099,whatsapp_keyword,badam tart,,,LOW,SAFE_TO_DRAFT,sufficient SKU context
OAS-AS-BKL-0022,Almond Tart,Baklawa,21069099,whatsapp_keyword,almond baklawa tart,,,LOW,SAFE_TO_DRAFT,sufficient SKU context
OAS-AS-BKL-0022,Almond Tart,Baklawa,21069099,whatsapp_keyword,almond tart baklawa,,,LOW,SAFE_TO_DRAFT,sufficient SKU context
OAS-AS-BKL-0022,Almond Tart,Baklawa,21069099,whatsapp_keyword,almond tart baklava,,,LOW,SAFE_TO_DRAFT,sufficient SKU context
OAS-AS-BKL-0022,Almond Tart,Baklawa,21069099,whatsapp_keyword,almond tart lebanese baklava,,,LOW,SAFE_TO_DRAFT,sufficient SKU context
OAS-AS-BKL-0022,Almond Tart,Baklawa,21069099,whatsapp_keyword,need almond tart,,,LOW,SAFE_TO_DRAFT,sufficient SKU context
OAS-AS-BKL-0022,Almond Tart,Baklawa,21069099,whatsapp_keyword,send almond tart,,,LOW,SAFE_TO_DRAFT,sufficient SKU context
OAS-AS-BKL-0022,Almond Tart,Baklawa,21069099,whatsapp_keyword,almond tart kg,,,LOW,SAFE_TO_DRAFT,sufficient SKU context
OAS-AS-BKL-0022,Almond Tart,Baklawa,21069099,search_keyword,baklawa tart,,,MEDIUM,SAFE_TO_DRAFT,sufficient SKU context
OAS-AS-BKL-0022,Almond Tart,Baklawa,21069099,search_keyword,katori,,,LOW,SAFE_TO_DRAFT,sufficient SKU context
OAS-AS-BKL-0023,Pistachio Tart,Baklawa,21069099,official_alias,Pista Tart,,,MEDIUM,SAFE_TO_DRAFT,sufficient SKU context
OAS-AS-BKL-0023,Pistachio Tart,Baklawa,21069099,official_alias,Pistachio Nut Tart,,,LOW,SAFE_TO_DRAFT,sufficient SKU context
OAS-AS-BKL-0023,Pistachio Tart,Baklawa,21069099,official_alias,Pistachio Baklawa Tart,,,LOW,SAFE_TO_DRAFT,sufficient SKU context
OAS-AS-BKL-0023,Pistachio Tart,Baklawa,21069099,official_alias,Pistachio Tart Baklawa,,,LOW,SAFE_TO_DRAFT,sufficient SKU context
OAS-AS-BKL-0023,Pistachio Tart,Baklawa,21069099,official_alias,Pistachio Tart Baklava,,,LOW,SAFE_TO_DRAFT,sufficient SKU context
OAS-AS-BKL-0023,Pistachio Tart,Baklawa,21069099,official_alias,Pistachio Tart Lebanese Baklava,,,LOW,SAFE_TO_DRAFT,sufficient SKU context
OAS-AS-BKL-0023,Pistachio Tart,Baklawa,21069099,customer_term,baklawa tart,,,MEDIUM,SAFE_TO_DRAFT,sufficient SKU context
OAS-AS-BKL-0023,Pistachio Tart,Baklawa,21069099,customer_term,katori sweet,,,LOW,SAFE_TO_DRAFT,sufficient SKU context
OAS-AS-BKL-0023,Pistachio Tart,Baklawa,21069099,customer_term,Pistachio Tart,,,LOW,SAFE_TO_DRAFT,sufficient SKU context
OAS-AS-BKL-0023,Pistachio Tart,Baklawa,21069099,customer_term,Pista Tart,,,MEDIUM,SAFE_TO_DRAFT,sufficient SKU context
OAS-AS-BKL-0023,Pistachio Tart,Baklawa,21069099,whatsapp_keyword,pistachio tart,,,LOW,SAFE_TO_DRAFT,sufficient SKU context
OAS-AS-BKL-0023,Pistachio Tart,Baklawa,21069099,whatsapp_keyword,pista tart,,,MEDIUM,SAFE_TO_DRAFT,sufficient SKU context
OAS-AS-BKL-0023,Pistachio Tart,Baklawa,21069099,whatsapp_keyword,pistachio nut tart,,,LOW,SAFE_TO_DRAFT,sufficient SKU context
OAS-AS-BKL-0023,Pistachio Tart,Baklawa,21069099,whatsapp_keyword,pistachio baklawa tart,,,LOW,SAFE_TO_DRAFT,sufficient SKU context
OAS-AS-BKL-0023,Pistachio Tart,Baklawa,21069099,whatsapp_keyword,pistachio tart baklawa,,,LOW,SAFE_TO_DRAFT,sufficient SKU context
OAS-AS-BKL-0023,Pistachio Tart,Baklawa,21069099,whatsapp_keyword,pistachio tart baklava,,,LOW,SAFE_TO_DRAFT,sufficient SKU context
OAS-AS-BKL-0023,Pistachio Tart,Baklawa,21069099,whatsapp_keyword,pistachio tart lebanese baklava,,,LOW,SAFE_TO_DRAFT,sufficient SKU context
OAS-AS-BKL-0023,Pistachio Tart,Baklawa,21069099,whatsapp_keyword,need pistachio tart,,,LOW,SAFE_TO_DRAFT,sufficient SKU context
OAS-AS-BKL-0023,Pistachio Tart,Baklawa,21069099,whatsapp_keyword,send pistachio tart,,,LOW,SAFE_TO_DRAFT,sufficient SKU context
OAS-AS-BKL-0023,Pistachio Tart,Baklawa,21069099,whatsapp_keyword,pistachio tart kg,,,LOW,SAFE_TO_DRAFT,sufficient SKU context
OAS-AS-BKL-0023,Pistachio Tart,Baklawa,21069099,search_keyword,baklawa tart,,,MEDIUM,SAFE_TO_DRAFT,sufficient SKU context
OAS-AS-BKL-0023,Pistachio Tart,Baklawa,21069099,search_keyword,katori,,,LOW,SAFE_TO_DRAFT,sufficient SKU context
OAS-AS-BKL-0024,Mor Pistachio Durum,Baklawa,21069099,official_alias,Mor Pista Durum,,,LOW,SAFE_TO_DRAFT,sufficient SKU context
OAS-AS-BKL-0024,Mor Pistachio Durum,Baklawa,21069099,official_alias,Mor Pistachio Nut Durum,,,LOW,SAFE_TO_DRAFT,sufficient SKU context
OAS-AS-BKL-0024,Mor Pistachio Durum,Baklawa,21069099,official_alias,Beetroot Pistachio Durum,,,LOW,SAFE_TO_DRAFT,sufficient SKU context
OAS-AS-BKL-0024,Mor Pistachio Durum,Baklawa,21069099,official_alias,Purple Pistachio Durum,,,LOW,SAFE_TO_DRAFT,sufficient SKU context
OAS-AS-BKL-0024,Mor Pistachio Durum,Baklawa,21069099,official_alias,Mor Pistachio Durum Baklava,,,LOW,SAFE_TO_DRAFT,sufficient SKU context
OAS-AS-BKL-0024,Mor Pistachio Durum,Baklawa,21069099,official_alias,Mor Pistachio Turkish Roll Baklava,,,LOW,SAFE_TO_DRAFT,sufficient SKU context
OAS-AS-BKL-0024,Mor Pistachio Durum,Baklawa,21069099,official_alias,Mor Pistachio Roll Baklava,,,LOW,SAFE_TO_DRAFT,sufficient SKU context
OAS-AS-BKL-0024,Mor Pistachio Durum,Baklawa,21069099,official_alias,Mor Pistachio Durum Baklawa,,,LOW,SAFE_TO_DRAFT,sufficient SKU context
OAS-AS-BKL-0024,Mor Pistachio Durum,Baklawa,21069099,customer_term,coconut roll,,,LOW,SAFE_TO_DRAFT,sufficient SKU context
OAS-AS-BKL-0024,Mor Pistachio Durum,Baklawa,21069099,customer_term,durum roll,,,MEDIUM,SAFE_TO_DRAFT,sufficient SKU context
OAS-AS-BKL-0024,Mor Pistachio Durum,Baklawa,21069099,customer_term,turkish roll,,,LOW,SAFE_TO_DRAFT,sufficient SKU context
OAS-AS-BKL-0024,Mor Pistachio Durum,Baklawa,21069099,customer_term,Mor Pistachio Durum,,,LOW,SAFE_TO_DRAFT,sufficient SKU context
OAS-AS-BKL-0024,Mor Pistachio Durum,Baklawa,21069099,customer_term,Mor Pista Durum,,,LOW,SAFE_TO_DRAFT,sufficient SKU context
OAS-AS-BKL-0024,Mor Pistachio Durum,Baklawa,21069099,whatsapp_keyword,mor pistachio durum,,,LOW,SAFE_TO_DRAFT,sufficient SKU context
OAS-AS-BKL-0024,Mor Pistachio Durum,Baklawa,21069099,whatsapp_keyword,mor pista durum,,,LOW,SAFE_TO_DRAFT,sufficient SKU context
OAS-AS-BKL-0024,Mor Pistachio Durum,Baklawa,21069099,whatsapp_keyword,mor pistachio nut durum,,,LOW,SAFE_TO_DRAFT,sufficient SKU context
OAS-AS-BKL-0024,Mor Pistachio Durum,Baklawa,21069099,whatsapp_keyword,beetroot pistachio durum,,,LOW,SAFE_TO_DRAFT,sufficient SKU context
OAS-AS-BKL-0024,Mor Pistachio Durum,Baklawa,21069099,whatsapp_keyword,purple pistachio durum,,,LOW,SAFE_TO_DRAFT,sufficient SKU context
OAS-AS-BKL-0024,Mor Pistachio Durum,Baklawa,21069099,whatsapp_keyword,mor pistachio durum baklava,,,LOW,SAFE_TO_DRAFT,sufficient SKU context
OAS-AS-BKL-0024,Mor Pistachio Durum,Baklawa,21069099,whatsapp_keyword,mor pistachio turkish roll baklava,,,LOW,SAFE_TO_DRAFT,sufficient SKU context
OAS-AS-BKL-0024,Mor Pistachio Durum,Baklawa,21069099,whatsapp_keyword,mor pistachio roll baklava,,,LOW,SAFE_TO_DRAFT,sufficient SKU context
OAS-AS-BKL-0024,Mor Pistachio Durum,Baklawa,21069099,whatsapp_keyword,mor pistachio durum baklawa,,,LOW,SAFE_TO_DRAFT,sufficient SKU context
OAS-AS-BKL-0024,Mor Pistachio Durum,Baklawa,21069099,whatsapp_keyword,mor pistachio durum turkish baklava,,,LOW,SAFE_TO_DRAFT,sufficient SKU context
OAS-AS-BKL-0024,Mor Pistachio Durum,Baklawa,21069099,whatsapp_keyword,need mor pistachio durum,,,LOW,SAFE_TO_DRAFT,sufficient SKU context
OAS-AS-BKL-0024,Mor Pistachio Durum,Baklawa,21069099,whatsapp_keyword,send mor pistachio durum,,,LOW,SAFE_TO_DRAFT,sufficient SKU context
OAS-AS-BKL-0024,Mor Pistachio Durum,Baklawa,21069099,whatsapp_keyword,mor pistachio durum kg,,,LOW,SAFE_TO_DRAFT,sufficient SKU context
OAS-AS-BKL-0024,Mor Pistachio Durum,Baklawa,21069099,regional_term,Fıstıklı durum,tr,latin,LOW,SAFE_TO_DRAFT,sufficient SKU context
OAS-AS-BKL-0024,Mor Pistachio Durum,Baklawa,21069099,search_keyword,turkish durum,,,LOW,SAFE_TO_DRAFT,sufficient SKU context
OAS-AS-BKL-0024,Mor Pistachio Durum,Baklawa,21069099,search_keyword,durum roll,,,MEDIUM,SAFE_TO_DRAFT,sufficient SKU context
OAS-AS-BKL-0024,Mor Pistachio Durum,Baklawa,21069099,search_keyword,baklawa roll,,,MEDIUM,SAFE_TO_DRAFT,sufficient SKU context
OAS-AS-BKL-0024,Mor Pistachio Durum,Baklawa,21069099,search_keyword,beetroot filo,,,LOW,SAFE_TO_DRAFT,sufficient SKU context
OAS-AS-BKL-0025,Coconut Durum,Baklawa,21069099,official_alias,Coconut Roll,,,LOW,SAFE_TO_DRAFT,sufficient SKU context
OAS-AS-BKL-0025,Coconut Durum,Baklawa,21069099,official_alias,Nariyal Durum,,,LOW,SAFE_TO_DRAFT,sufficient SKU context
OAS-AS-BKL-0025,Coconut Durum,Baklawa,21069099,official_alias,Coconut Durum Baklava,,,LOW,SAFE_TO_DRAFT,sufficient SKU context
OAS-AS-BKL-0025,Coconut Durum,Baklawa,21069099,official_alias,Coconut Durum Baklawa,,,LOW,SAFE_TO_DRAFT,sufficient SKU context
OAS-AS-BKL-0025,Coconut Durum,Baklawa,21069099,official_alias,Coconut Turkish Roll Baklava,,,LOW,SAFE_TO_DRAFT,sufficient SKU context
OAS-AS-BKL-0025,Coconut Durum,Baklawa,21069099,official_alias,Coconut Roll Baklava,,,LOW,SAFE_TO_DRAFT,sufficient SKU context
OAS-AS-BKL-0025,Coconut Durum,Baklawa,21069099,official_alias,Coconut Durum Turkish Baklava,,,LOW,SAFE_TO_DRAFT,sufficient SKU context
OAS-AS-BKL-0025,Coconut Durum,Baklawa,21069099,official_alias,Nariyal Roll,,,LOW,SAFE_TO_DRAFT,sufficient SKU context
OAS-AS-BKL-0025,Coconut Durum,Baklawa,21069099,customer_term,coconut roll,,,LOW,SAFE_TO_DRAFT,sufficient SKU context
OAS-AS-BKL-0025,Coconut Durum,Baklawa,21069099,customer_term,durum roll,,,MEDIUM,SAFE_TO_DRAFT,sufficient SKU context
OAS-AS-BKL-0025,Coconut Durum,Baklawa,21069099,customer_term,turkish roll,,,LOW,SAFE_TO_DRAFT,sufficient SKU context
OAS-AS-BKL-0025,Coconut Durum,Baklawa,21069099,customer_term,Coconut Durum,,,LOW,SAFE_TO_DRAFT,sufficient SKU context
OAS-AS-BKL-0025,Coconut Durum,Baklawa,21069099,customer_term,Coconut Roll,,,LOW,SAFE_TO_DRAFT,sufficient SKU context
OAS-AS-BKL-0025,Coconut Durum,Baklawa,21069099,whatsapp_keyword,coconut durum,,,LOW,SAFE_TO_DRAFT,sufficient SKU context
OAS-AS-BKL-0025,Coconut Durum,Baklawa,21069099,whatsapp_keyword,coconut roll,,,LOW,SAFE_TO_DRAFT,sufficient SKU context
OAS-AS-BKL-0025,Coconut Durum,Baklawa,21069099,whatsapp_keyword,nariyal durum,,,LOW,SAFE_TO_DRAFT,sufficient SKU context
OAS-AS-BKL-0025,Coconut Durum,Baklawa,21069099,whatsapp_keyword,coconut durum baklava,,,LOW,SAFE_TO_DRAFT,sufficient SKU context
OAS-AS-BKL-0025,Coconut Durum,Baklawa,21069099,whatsapp_keyword,coconut durum baklawa,,,LOW,SAFE_TO_DRAFT,sufficient SKU context
OAS-AS-BKL-0025,Coconut Durum,Baklawa,21069099,whatsapp_keyword,need coconut durum,,,LOW,SAFE_TO_DRAFT,sufficient SKU context
OAS-AS-BKL-0025,Coconut Durum,Baklawa,21069099,whatsapp_keyword,send coconut durum,,,LOW,SAFE_TO_DRAFT,sufficient SKU context
OAS-AS-BKL-0025,Coconut Durum,Baklawa,21069099,whatsapp_keyword,coconut durum kg,,,LOW,SAFE_TO_DRAFT,sufficient SKU context
OAS-AS-BKL-0025,Coconut Durum,Baklawa,21069099,regional_term,Fıstıklı durum,tr,latin,LOW,SAFE_TO_DRAFT,sufficient SKU context
OAS-AS-BKL-0025,Coconut Durum,Baklawa,21069099,search_keyword,turkish durum,,,LOW,SAFE_TO_DRAFT,sufficient SKU context
OAS-AS-BKL-0025,Coconut Durum,Baklawa,21069099,search_keyword,durum roll,,,MEDIUM,SAFE_TO_DRAFT,sufficient SKU context
OAS-AS-BKL-0025,Coconut Durum,Baklawa,21069099,search_keyword,baklawa roll,,,MEDIUM,SAFE_TO_DRAFT,sufficient SKU context
OAS-AS-BKL-0025,Coconut Durum,Baklawa,21069099,search_keyword,coconut baklawa,,,LOW,SAFE_TO_DRAFT,sufficient SKU context
